k_number,device_name,applicant,decision_date,date_received,product_code,advisory_committee_description,decision_description,clearance_type,statement_or_summary,review_advisory_committee,country_code,city,state,fda_summary_url
K251281,Nova Max Creat eGFR Monitoring System,Nova Biomedical Corporation,2026-01-21,2025-04-24,SHB,Clinical Chemistry,Substantially Equivalent,Traditional,Summary,CH,US,Walham,MA,https://www.accessdata.fda.gov/cdrh_docs/pdf25/K251281.pdf
K252206,"Nova Allegro UACR Assay, Nova Allegro Analyzer",Nova Biomedical Corporation,2026-01-09,2025-07-14,CGX,Clinical Chemistry,Substantially Equivalent,Dual Track,Summary,CH,US,Walham,MA,https://www.accessdata.fda.gov/cdrh_docs/pdf25/K252206.pdf
K221326,"Nova Allegro HbA1c Assay, Nova Allegro Analyzer",Nova Biomedical Corporation,2024-11-22,2022-05-06,LCP,Hematology,Substantially Equivalent,Dual Track,Summary,CH,US,Walham,MA,https://www.accessdata.fda.gov/cdrh_docs/pdf22/K221326.pdf
K221813,"Nova Allegro UACR Assay, Nova Allegro Analyzer",Nova Biomedical Corporation,2024-11-19,2022-06-22,CGX,Clinical Chemistry,Substantially Equivalent,Dual Track,Summary,CH,US,Walham,MA,https://www.accessdata.fda.gov/cdrh_docs/pdf22/K221813.pdf
K232075,StatStrip Glucose Hospital Meter System,Nova Biomedical Corporation,2024-02-23,2023-07-12,PZI,Clinical Chemistry,Substantially Equivalent,Dual Track,Summary,CH,US,Walham,MA,https://www.accessdata.fda.gov/cdrh_docs/pdf23/K232075.pdf
K221900,Stat Profile Prime Plus Analyzer System,Nova Biomedical Corporation,2023-09-29,2022-06-30,CHL,Clinical Chemistry,Substantially Equivalent,Traditional,Summary,CH,US,Walham,MA,https://www.accessdata.fda.gov/cdrh_docs/pdf22/K221900.pdf
K203549,Nova Primary Glucose Analyzer System,Nova Biomedical Corporation,2022-10-18,2020-12-04,CGA,Clinical Chemistry,Substantially Equivalent,Traditional,Summary,CH,US,Waltham,ME,https://www.accessdata.fda.gov/cdrh_docs/pdf20/K203549.pdf
K200403,Stat Profile Prime Plus Analyzer System,Nova Biomedical Corporation,2020-04-14,2020-02-19,JGS,Clinical Chemistry,Substantially Equivalent,Traditional,Summary,CH,US,Walham,MA,https://www.accessdata.fda.gov/cdrh_docs/pdf20/K200403.pdf
K200204,Stat Profile Prime Plus Analyzer System,Nova Biomedical Corporation,2020-04-06,2020-01-28,GGZ,Hematology,Substantially Equivalent,Traditional,Summary,CH,US,Walham,MA,https://www.accessdata.fda.gov/cdrh_docs/pdf20/K200204.pdf
K200349,Stat Profile Prime Plus Analyzer System,Nova Biomedical Corporation,2020-03-13,2020-02-12,CGA,Clinical Chemistry,Substantially Equivalent,Traditional,Summary,CH,US,Walham,MA,https://www.accessdata.fda.gov/cdrh_docs/pdf20/K200349.pdf
K193246,Stat Profile Prime Plus Analyzer System,Nova Biomedical Corporation,2020-01-24,2019-11-25,CHL,Clinical Chemistry,Substantially Equivalent,Traditional,Summary,CH,US,Walham,MA,https://www.accessdata.fda.gov/cdrh_docs/pdf19/K193246.pdf
K191626,Stat Profile Prime ES Comp Plus Analyzer System,Nova Biomedical Corporation,2019-08-16,2019-06-18,JFP,Clinical Chemistry,Substantially Equivalent,Traditional,Summary,CH,US,Walham,MA,https://www.accessdata.fda.gov/cdrh_docs/pdf19/K191626.pdf
K191365,Stat Profile Prime ES Comp Plus Analyzer System,Nova Biomedical Corporation,2019-07-19,2019-05-22,JGS,Clinical Chemistry,Substantially Equivalent,Traditional,Summary,CH,US,Walham,MA,https://www.accessdata.fda.gov/cdrh_docs/pdf19/K191365.pdf
K182552,StatStrip Xpress Glucose Hospital Meter System,Nova Biomedical Corporation,2018-12-13,2018-09-17,PZI,Clinical Chemistry,Substantially Equivalent,Dual Track,Summary,CH,US,Walham,MA,https://www.accessdata.fda.gov/cdrh_docs/pdf18/K182552.pdf
K182549,StatStrip Xpress 2 Glucose Hospital Meter System,Nova Biomedical Corporation,2018-12-13,2018-09-17,PZI,Clinical Chemistry,Substantially Equivalent,Dual Track,Summary,CH,US,Walham,MA,https://www.accessdata.fda.gov/cdrh_docs/pdf18/K182549.pdf
K180340,Stat Profile Prime Plus Analyzer System,Nova Biomedical Corporation,2018-09-26,2018-02-07,CGA,Clinical Chemistry,Substantially Equivalent,Traditional,Summary,CH,US,Walham,MA,https://www.accessdata.fda.gov/cdrh_docs/pdf18/K180340.pdf
K180186,Stat Profile Prime Plus Analyzer System,Nova Biomedical Corporation,2018-08-23,2018-01-23,GGZ,Hematology,Substantially Equivalent,Traditional,Summary,CH,US,Walham,MA,https://www.accessdata.fda.gov/cdrh_docs/pdf18/K180186.pdf
K180428,Stat Profile Prime Plus Analyzer System,Nova Biomedical Corporation,2018-08-15,2018-02-16,JGS,Clinical Chemistry,Substantially Equivalent,Traditional,Summary,CH,US,Walham,MA,https://www.accessdata.fda.gov/cdrh_docs/pdf18/K180428.pdf
K173797,Stat Profile Prime Plus Analyzer System,Nova Biomedical Corporation,2018-07-17,2017-12-14,CHL,Clinical Chemistry,Substantially Equivalent,Traditional,Summary,CH,US,Walham,MA,https://www.accessdata.fda.gov/cdrh_docs/pdf17/K173797.pdf
K181043,StatStrip Glucose Hospital Meter System,Nova Biomedical Corporation,2018-07-12,2018-04-19,PZI,Clinical Chemistry,Substantially Equivalent,Dual Track,Summary,CH,US,Walham,MA,https://www.accessdata.fda.gov/cdrh_docs/pdf18/K181043.pdf
K170464,StatStrip Xpress Blood Glucose Monitoring System,Nova Biomedical Corporation,2017-11-07,2017-02-15,NBW,Clinical Chemistry,Substantially Equivalent,Traditional,Summary,CH,US,Walham,MA,https://www.accessdata.fda.gov/cdrh_docs/pdf17/K170464.pdf
K171059,Nova StatSensor Creatinine Hospital Meter System,Nova Biomedical Corporation,2017-05-26,2017-04-10,CGL,Clinical Chemistry,Substantially Equivalent,Special,Summary,CH,US,Walham,MA,https://www.accessdata.fda.gov/cdrh_docs/pdf17/K171059.pdf
K160990,Nova Max Uric Acid Monitoring System,Nova Biomedical Corporation,2017-04-11,2016-04-08,PTC,Clinical Chemistry,Substantially Equivalent,Traditional,Summary,CH,US,Walham,MA,https://www.accessdata.fda.gov/cdrh_docs/pdf16/K160990.pdf
K163490,StatStrip Xpress 2 Glucose Hospital Meter System,Nova Biomedical Corporation,2017-01-06,2016-12-12,PZI,Clinical Chemistry,Substantially Equivalent,Special,Summary,CH,US,Walham,MA,https://www.accessdata.fda.gov/cdrh_docs/pdf16/K163490.pdf
K161856,StatStrip Xpress Glucose Hospital Meter System,Nova Biomedical Corporation,2016-11-15,2016-07-06,PZI,Clinical Chemistry,Substantially Equivalent,Special,Summary,CH,US,Walham,MA,https://www.accessdata.fda.gov/cdrh_docs/pdf16/K161856.pdf
K160156,StatStrip Xpress Blood Glucose Monitoring System,Nova Biomedical Corporation,2016-06-23,2016-01-22,NBW,Clinical Chemistry,Substantially Equivalent,Traditional,Summary,CH,US,Walham,MA,https://www.accessdata.fda.gov/cdrh_docs/pdf16/K160156.pdf
K152986,StatStrip Xpress 2 Glucose Hospital Meter System,Nova Biomedical Corporation,2016-01-27,2015-10-09,PZI,Clinical Chemistry,Substantially Equivalent,Special,Summary,CH,US,Walham,MA,https://www.accessdata.fda.gov/cdrh_docs/pdf15/K152986.pdf
K151982,Stat Profile Prime ABG Analyzer System,Nova Biomedical Corporation,2015-09-10,2015-07-17,CHL,Clinical Chemistry,Substantially Equivalent,Traditional,Summary,CH,US,Walham,MA,https://www.accessdata.fda.gov/cdrh_docs/pdf15/K151982.pdf
K141907,"STAT PROFILE PRIME CCS ANALYZER SYSTEM, STAT PROFILE PRIME AUTO QC CARTRIDGE CCS, STAT PROFILE PRIME AMPULED CONTROL ABG/CCS, STAT PROFILE PRIME CALIBRTOR CARTRIDGE CCS/CCS COMP, NOVA LINEARITY STANDARD SET A",Nova Biomedical Corporation,2015-05-29,2014-07-15,CHL,Clinical Chemistry,Substantially Equivalent,Traditional,Summary,CH,US,Walham,MA,https://www.accessdata.fda.gov/cdrh_docs/pdf14/K141907.pdf
K150461,StatStrip Xpress Glucose Hospital Meter System,Nova Biomedical Corporation,2015-05-20,2015-02-23,PZI,Clinical Chemistry,Substantially Equivalent,Traditional,Summary,CH,US,Walham,MA,https://www.accessdata.fda.gov/cdrh_docs/pdf15/K150461.pdf
K150281,StatStrip Glucose Hospital Meter,Nova Biomedical Corporation,2015-05-06,2015-02-05,PZI,Clinical Chemistry,Substantially Equivalent,Traditional,Summary,CH,US,Walham,MA,https://www.accessdata.fda.gov/cdrh_docs/pdf15/K150281.pdf
K142220,"Stat Profile Prime ABG Analyzer System (incl. Controls, Calibrators)",Nova Biomedical Corporation,2014-10-17,2014-08-12,CHL,Clinical Chemistry,Substantially Equivalent,Traditional,Summary,CH,US,Walham,MA,https://www.accessdata.fda.gov/cdrh_docs/pdf14/K142220.pdf
K132121,STATSTRIP GLUCOSE HOSPITAL METER SYSTEM,Nova Biomedical Corporation,2014-09-24,2013-07-10,PZI,Clinical Chemistry,Substantially Equivalent,Traditional,Summary,CH,US,Walham,MA,https://www.accessdata.fda.gov/cdrh_docs/pdf13/K132121.pdf
K131703,NOVA STAT PROFILE PRIME CCS ANALYZER SYSTEM,Nova Biomedical Corporation,2014-03-25,2013-06-11,CHL,Clinical Chemistry,Substantially Equivalent,Traditional,Summary,CH,US,Walham,MA,https://www.accessdata.fda.gov/cdrh_docs/pdf13/K131703.pdf
K131013,"FOCUS BLOOD GLUCOSE MONITORING SYSTEM, FOCUS PRO BLOOD GLUCOSE MONITORING SYSTEM",Nova Biomedical Corporation,2013-10-17,2013-04-11,NBW,Clinical Chemistry,Substantially Equivalent,Traditional,Summary,CH,US,Walham,MA,https://www.accessdata.fda.gov/cdrh_docs/pdf13/K131013.pdf
K122688,NOVA MAX MINI BLOOD GLUCOSE AND B-KETONE MONITOR,Nova Biomedical Corporation,2013-04-04,2012-09-04,LFR,Clinical Chemistry,Substantially Equivalent,Traditional,Summary,CH,US,Walham,MA,https://www.accessdata.fda.gov/cdrh_docs/pdf12/K122688.pdf
K122435,NOVA ONE BLOOD GLUCOSE MONITOR,Nova Biomedical Corporation,2012-12-20,2012-08-10,LFR,Clinical Chemistry,Substantially Equivalent,Traditional,Summary,CH,US,Walham,MA,https://www.accessdata.fda.gov/cdrh_docs/pdf12/K122435.pdf
K112638,"NOVA MAX ONE BLOOD GLUCOSE MONITOR, NOVA MAX ONE BLOOD GLUCOSE TEST STRIPS",Nova Biomedical Corporation,2012-03-09,2011-09-09,NBW,Clinical Chemistry,Substantially Equivalent,Traditional,Summary,CH,US,Walham,MA,https://www.accessdata.fda.gov/cdrh_docs/pdf11/K112638.pdf
K112955,NOVA STATSTRIP LACTATE HOSPITAL METER SYSTEM,Nova Biomedical Corporation,2012-01-05,2011-10-04,KHP,Clinical Chemistry,Substantially Equivalent,Traditional,Summary,CH,US,Walham,MA,https://www.accessdata.fda.gov/cdrh_docs/pdf11/K112955.pdf
K110648,NOVA STAT PROFILE PHOX ULTRA ANALYZER SYSTEM,Nova Biomedical Corporation,2011-08-29,2011-03-04,CHL,Clinical Chemistry,Substantially Equivalent,Special,Summary,CH,US,Waltham,MA,https://www.accessdata.fda.gov/cdrh_docs/pdf11/K110648.pdf
K100602,"NOVA STATSTRIP LACTATE HOSPITAL METER, NOVA STATSTRIP LACTATE TEST STRIPS",Nova Biomedical Corp.,2011-08-17,2010-03-03,KHP,Clinical Chemistry,Substantially Equivalent,Traditional,Summary,CH,US,Walham,MA,https://www.accessdata.fda.gov/cdrh_docs/pdf10/K100602.pdf
K101633,"NOVA MAX PLUS GLOCOSE AND B-KETONE CONTROL SOLUTION-MID, HIGH",Nova Biomedical Corp.,2010-08-27,2010-06-10,JJY,Clinical Chemistry,Substantially Equivalent,Traditional,Summary,CH,US,Walham,MA,https://www.accessdata.fda.gov/cdrh_docs/pdf10/K101633.pdf
K091547,"NOVA MAX PLUS BLOOD GLUCOSE AND B-KETONE MONITOR SYSTEM, NOVA MAX PLUS B-KETONE CONTROL SOLUTIONS, NOVA MAX BLOOD GLUCOS",Nova Biomedical Corp.,2010-01-15,2009-05-27,NBW,Clinical Chemistry,Substantially Equivalent,Traditional,Summary,CH,US,Walham,MA,https://www.accessdata.fda.gov/cdrh_docs/pdf09/K091547.pdf
K070960,NOVA STATSTRIP XPRESS GLUCOSE HOSPITAL METER SYSTEM,Nova Biomedical Corp.,2007-07-11,2007-04-05,CGA,Clinical Chemistry,Substantially Equivalent,Special,Statement,CH,US,Walham,MA,https://www.accessdata.fda.gov/cdrh_docs/pdf07/K070960.pdf
K070255,"NOVA MAX BLOOD GLUCOSE MONITOR SYSTEM, 90001,90002",Nova Biomedical Corp.,2007-06-13,2007-01-26,NBW,Clinical Chemistry,Substantially Equivalent,Traditional,Statement,CH,US,Walham,MA,https://www.accessdata.fda.gov/cdrh_docs/pdf07/K070255.pdf
K070068,"NOVA STATSENSOR CREATININE HOSPITAL METER, CONTROL SOLUTIONS,LINEARITY SOLUTIONS, AND TEST STRIPS",Nova Biomedical Corp.,2007-05-07,2007-01-08,CGL,Clinical Chemistry,Substantially Equivalent,Traditional,Statement,CH,US,Walham,MA,https://www.accessdata.fda.gov/cdrh_docs/pdf07/K070068.pdf
K063821,NOVA STATSTRIP GLUCOSE HOSPITAL METER SYSTEM,Nova Biomedical Corp.,2007-01-24,2006-12-26,CGA,Clinical Chemistry,Substantially Equivalent,Traditional,Statement,CH,US,Walham,MA,https://www.accessdata.fda.gov/cdrh_docs/pdf06/K063821.pdf
K061830,"STAT PROFILE CRITICAL CARE XPRESS (CCX), MODEL 1+",Nova Biomedical Corp.,2006-11-01,2006-06-28,CIG,Clinical Chemistry,Substantially Equivalent,Traditional,Statement,CH,US,Walham,MA,https://www.accessdata.fda.gov/cdrh_docs/pdf06/K061830.pdf
K060345,"NOVA STATSTRIP GLUCOSE HOSPITAL METER, STATSTRIP CONTROL SOLUTIONS",Nova Biomedical Corp.,2006-04-28,2006-02-10,CGA,Clinical Chemistry,Substantially Equivalent,Traditional,Statement,CH,US,Walham,MA,https://www.accessdata.fda.gov/cdrh_docs/pdf06/K060345.pdf
K041016,NOVA GLUCOSE LOW/HIGH LEVEL CONTROL SOLUTIONS,Nova Biomedical Corp.,2004-05-07,2004-04-20,JJX,Clinical Chemistry,Substantially Equivalent,Traditional,Statement,CH,US,Walham,MA,https://www.accessdata.fda.gov/cdrh_docs/pdf04/K041016.pdf
K033433,NOVA GLUCOSE CONTROL SOLUTIONS,Nova Biomedical Corp.,2004-01-02,2003-10-28,JJX,Clinical Chemistry,Substantially Equivalent,Traditional,Statement,CH,US,Walham,MA,https://www.accessdata.fda.gov/cdrh_docs/pdf03/K033433.pdf
K023567,STAT PROFILE PHOX PLUS L ANALYZER,Nova Biomedical Corp.,2002-12-20,2002-10-23,CHL,Clinical Chemistry,Substantially Equivalent,Abbreviated,Statement,CH,US,Walham,MA,https://www.accessdata.fda.gov/cdrh_docs/pdf02/K023567.pdf
K022746,STAT PROFILE CRITICAL CARE XPRESS ANALYZER,Nova Biomedical Corp.,2002-11-22,2002-08-19,CHL,Clinical Chemistry,Substantially Equivalent,Traditional,Statement,CH,US,Walham,MA,https://www.accessdata.fda.gov/cdrh_docs/pdf02/K022746.pdf
K021713,STAT PROFILE PHOX PLUS C ANALYZER,Nova Biomedical Corp.,2002-07-25,2002-05-23,CHL,Clinical Chemistry,Substantially Equivalent,Traditional,Statement,CH,US,Walham,MA,https://www.accessdata.fda.gov/cdrh_docs/pdf02/K021713.pdf
K020297,STAT PROFILE CRITICAL CARE XPRESS ANALYZER,Nova Biomedical Corp.,2002-06-10,2002-01-28,CHL,Clinical Chemistry,Substantially Equivalent,Traditional,Statement,CH,US,Walham,MA,https://www.accessdata.fda.gov/cdrh_docs/pdf02/K020297.pdf
K014295,STAT PROFILE PHOX ANALYZER,Nova Biomedical Corp.,2002-02-28,2001-12-28,CHL,Clinical Chemistry,Substantially Equivalent,Traditional,Statement,CH,US,Walham,MA,https://www.accessdata.fda.gov/cdrh_docs/pdf01/K014295.pdf
K013729,STAT PROFILE PHOX BASIC ANALYZER,Nova Biomedical Corp.,2002-01-15,2001-11-09,CHL,Clinical Chemistry,Substantially Equivalent,Traditional,Statement,CH,US,Walham,MA,https://www.accessdata.fda.gov/cdrh_docs/pdf01/K013729.pdf
K012058,STAT PROFILE PHOX PLUS L ANALYZER,Nova Biomedical Corp.,2001-08-20,2001-07-02,CHL,Clinical Chemistry,Substantially Equivalent,Traditional,Statement,CH,US,Walham,MA,https://www.accessdata.fda.gov/cdrh_docs/pdf01/K012058.pdf
K002613,MODIFICATION TO STAT PROFILE PHOX PLUS ANALYZER,Nova Biomedical Corp.,2000-10-19,2000-08-22,CHL,Clinical Chemistry,Substantially Equivalent,Traditional,Statement,CH,US,Walham,MA,https://www.accessdata.fda.gov/cdrh_docs/pdf00/K002613.pdf
K001761,STATLYTE NA/K/CL/LI ANALYZER,Nova Biomedical Corp.,2000-08-07,2000-06-09,JGS,Clinical Chemistry,Substantially Equivalent,Traditional,Statement,CH,US,Walham,MA,https://www.accessdata.fda.gov/cdrh_docs/pdf00/K001761.pdf
K000895,STAT PROFILE PHOX PLUS ANALYZER,Nova Biomedical Corp.,2000-04-17,2000-03-20,JGS,Clinical Chemistry,Substantially Equivalent,Traditional,Statement,CH,US,Walham,MA,https://www.accessdata.fda.gov/cdrh_docs/pdf00/K000895.pdf
K993104,"STAT PROFILE PHOX CO-OXIMETER ANALYZER, NOVA CO-OXIMETER CONTROLS, LEVELS 1 AND 2, NOVA CO-OXIMETER THB CALIBRATOR",Nova Biomedical Corp.,1999-12-02,1999-09-16,GLY,Hematology,Substantially Equivalent,Traditional,Statement,HE,US,Walham,MA,https://www.accessdata.fda.gov/cdrh_docs/pdf99/K993104.pdf
K991727,STAT PROFILE M7 ANALYZER,Nova Biomedical Corp.,1999-07-16,1999-05-20,CGL,Clinical Chemistry,Substantially Equivalent,Traditional,Statement,CH,US,Walham,MA,https://www.accessdata.fda.gov/cdrh_docs/pdf99/K991727.pdf
K982277,MODIFICATION TO STAT PROFILE PHOX BLOOD GAS ANALYZER (K980991),Nova Biomedical Corp.,1998-07-22,1998-06-29,CHL,Clinical Chemistry,Substantially Equivalent,Traditional,Statement,CH,US,Walham,MA,https://www.accessdata.fda.gov/cdrh_docs/pdf98/K982277.pdf
K981426,"STAT PROFILE ULTRA F,G,H,I,J,K, AND L ANALYZERS",Nova Biomedical Corp.,1998-05-12,1998-04-16,GKF,Hematology,Substantially Equivalent,Traditional,Statement,HE,US,Walham,MA,https://www.accessdata.fda.gov/cdrh_docs/pdf98/K981426.pdf
K981427,STAT PROFILE M ANALYZER,Nova Biomedical Corp.,1998-05-12,1998-04-16,GKF,Hematology,Substantially Equivalent,Traditional,Statement,HE,US,Walham,MA,https://www.accessdata.fda.gov/cdrh_docs/pdf98/K981427.pdf
K981425,"STAT PROFILE ULTRA A, B, C, D, AND E ANALYZERS",Nova Biomedical Corp.,1998-05-12,1998-04-16,GKF,Hematology,Substantially Equivalent,Traditional,Statement,SU,US,Walham,MA,https://www.accessdata.fda.gov/cdrh_docs/pdf98/K981425.pdf
K980991,NOVA STAT PROFILE PHOX BLOOD GAS ANALYZER,Nova Biomedical Corp.,1998-04-15,1998-03-17,CHL,Clinical Chemistry,Substantially Equivalent,Traditional,Statement,CH,US,Walham,MA,https://www.accessdata.fda.gov/cdrh_docs/pdf98/K980991.pdf
K970710,STAT PROFILE ULTRA M ANALYZER,Nova Biomedical Corp.,1997-05-09,1997-02-26,CHL,Clinical Chemistry,Substantially Equivalent,Traditional,Statement,CH,US,Walham,MA,https://www.accessdata.fda.gov/cdrh_docs/pdf97/K970710.pdf
K963005,NOVA 16 ANALYZER (MODIFICATION POINT OF CARE USAGE),Nova Biomedical Corp.,1996-08-23,1996-08-02,JFL,Clinical Chemistry,Substantially Equivalent,Traditional,Statement,CH,US,Walham,MA,https://www.accessdata.fda.gov/cdrh_docs/pdf96/K963005.pdf
K962982,"NOVA CHEMISTRY CONTROLS, LEVEL 1,2,AND 3 W/O CREAT",Nova Biomedical Corp.,1996-08-23,1996-08-01,JJY,Clinical Chemistry,Substantially Equivalent,Traditional,Statement,CH,US,Walham,MA,https://www.accessdata.fda.gov/cdrh_docs/pdf96/K962982.pdf
K962997,"NOVA CHEMISTRY CONTROLS WITH CREATININE, LEVELS (1, 2) AND 3",Nova Biomedical Corp.,1996-08-15,1996-08-02,JJY,Clinical Chemistry,Substantially Equivalent,Traditional,Statement,CH,US,Walham,MA,https://www.accessdata.fda.gov/cdrh_docs/pdf96/K962997.pdf
K961938,STAT PROFILE ULTRA L ANALYZER QUALITY CONTROL MATERIALS,Nova Biomedical Corp.,1996-06-28,1996-05-20,GJS,Hematology,Substantially Equivalent,Traditional,Statement,HE,US,Walham,MA,https://www.accessdata.fda.gov/cdrh_docs/pdf96/K961938.pdf
K955013,NOVA CO-OXIMETER ANALYZER,Nova Biomedical Corp.,1996-04-25,1995-11-01,GLY,Hematology,Substantially Equivalent,Traditional,Summary,HE,US,Walham,MA,https://www.accessdata.fda.gov/cdrh_docs/pdf95/K955013.pdf
K960120,"STAT PROFILE ULTRA F,G,H,I,J, AND K ANALYZERS",Nova Biomedical Corp.,1996-03-11,1996-01-11,JFP,Clinical Chemistry,Substantially Equivalent,Traditional,Statement,CH,US,Walham,MA,https://www.accessdata.fda.gov/cdrh_docs/pdf96/K960120.pdf
K955264,"NOVA CHEMISTRY CONTROLS, LEVELS 1 AND 2",Nova Biomedical Corp.,1996-02-02,1995-11-15,JJY,Clinical Chemistry,Substantially Equivalent,Traditional,Statement,CH,US,Walham,MA,https://www.accessdata.fda.gov/cdrh_docs/pdf95/K955264.pdf
K955260,NOVA CHEMISTRY PERFORMANCE CHECK SOLUTION,Nova Biomedical Corp.,1996-02-02,1995-11-15,JJY,Clinical Chemistry,Substantially Equivalent,Traditional,Statement,CH,US,Walham,MA,https://www.accessdata.fda.gov/cdrh_docs/pdf95/K955260.pdf
K955252,"NOVA CHEMISTRY LINEARITY SET F, LEVELS 1, 2, 3, AND 4",Nova Biomedical Corp.,1996-02-02,1995-11-15,JJY,Clinical Chemistry,Substantially Equivalent,Traditional,Statement,CH,US,Walham,MA,https://www.accessdata.fda.gov/cdrh_docs/pdf95/K955252.pdf
K954711,STAT PROFILE ULTRA 11 ANALYZER (MODIFICATION),Nova Biomedical Corp.,1995-11-30,1995-09-28,CHL,Clinical Chemistry,Substantially Equivalent,Traditional,Statement,CH,US,Walham,MA,https://www.accessdata.fda.gov/cdrh_docs/pdf95/K954711.pdf
K952477,STAT PROFILE ULTRA BLOOD GAS CONTROLS,Nova Biomedical Corp.,1995-07-06,1995-05-30,JJS,Clinical Chemistry,Substantially Equivalent,Traditional,Statement,CH,US,Walham,MA,https://www.accessdata.fda.gov/cdrh_docs/pdf95/K952477.pdf
K936203,STAT PROFILE PLUS 10 ANALYZER,Nova Biomedical Corp.,1995-03-09,1993-12-21,CHL,Clinical Chemistry,Substantially Equivalent,Traditional,Statement,CH,US,Walham,MA,https://www.accessdata.fda.gov/cdrh_docs/pdf93/K936203.pdf
K936066,STAT PROFILE PLUS 9 ANALYZER,Nova Biomedical Corp.,1995-03-09,1993-12-21,KHP,Clinical Chemistry,Substantially Equivalent,Traditional,Statement,CH,US,Walham,MA,https://www.accessdata.fda.gov/cdrh_docs/pdf93/K936066.pdf
K945584,NOVA 16 ANALYZER,Nova Biomedical Corp.,1995-02-08,1994-11-14,JJC,Clinical Chemistry,Substantially Equivalent,Traditional,Statement,CH,US,Walham,MA,https://www.accessdata.fda.gov/cdrh_docs/pdf94/K945584.pdf
K943643,STAT PROFILE ULTRA 11 ANALYZER,Nova Biomedical Corp.,1994-12-29,1994-07-27,CHL,Clinical Chemistry,Substantially Equivalent,Traditional,Statement,CH,US,Walham,MA,https://www.accessdata.fda.gov/cdrh_docs/pdf94/K943643.pdf
K931373,ANALYZER: STAT PROFILE PLUS 10 ANALYZER,Nova Biomedical Corp.,1993-06-15,1993-03-18,JJY,Clinical Chemistry,Substantially Equivalent,Traditional,Statement,CH,US,Walham,MA,https://www.accessdata.fda.gov/cdrh_docs/pdf93/K931373.pdf
K924497,STAT PROFILE 9 ANALYZER,Nova Biomedical Corp.,1993-02-23,1992-09-04,CHL,Clinical Chemistry,Substantially Equivalent,Traditional,Statement,CH,US,Walham,MA,https://www.accessdata.fda.gov/cdrh_docs/pdf92/K924497.pdf
K924547,NOVA 8 CRT ANALYZER,Nova Biomedical Corp.,1993-01-28,1992-09-09,JGS,Clinical Chemistry,Substantially Equivalent,Traditional,Statement,CH,US,Walham,MA,https://www.accessdata.fda.gov/cdrh_docs/pdf92/K924547.pdf
K924864,"NOVA 13 ANALYZER, MODIFICATION",Nova Biomedical Corp.,1992-11-06,1992-09-11,CGZ,Clinical Chemistry,Substantially Equivalent,Traditional,Statement,CH,US,Walham,MA,https://www.accessdata.fda.gov/cdrh_docs/pdf92/K924864.pdf
K924743,"NOVA 12 ANALYZER, MODIFICATION",Nova Biomedical Corp.,1992-11-06,1992-09-14,CGA,Clinical Chemistry,Substantially Equivalent,Traditional,Statement,CH,US,Walham,MA,https://www.accessdata.fda.gov/cdrh_docs/pdf92/K924743.pdf
K922943,NOVA NA/K/CL/LI MODULE,Nova Biomedical Corp.,1992-10-13,1992-06-18,CEM,Clinical Chemistry,Substantially Equivalent,Traditional,Statement,CH,US,Walham,MA,https://www.accessdata.fda.gov/cdrh_docs/pdf92/K922943.pdf
K923806,ANALYZER: NOVA 10 CRT ANALYZER & QUALI CONT MATER,Nova Biomedical Corp.,1992-09-29,1992-07-29,JGS,Clinical Chemistry,Substantially Equivalent,Traditional,Statement,CH,US,Walham,MA,https://www.accessdata.fda.gov/cdrh_docs/pdf92/K923806.pdf
K923266,NOVA TOTAL PROTEIN MODULE,Nova Biomedical Corp.,1992-08-12,1992-07-02,CEK,Clinical Chemistry,Substantially Equivalent,Traditional,Statement,CH,US,Walham,MA,https://www.accessdata.fda.gov/cdrh_docs/pdf92/K923266.pdf
K921937,"NOVA NUCLEUS CLINICAL CHEMICAL SYST, MODIFICATION",Nova Biomedical Corp.,1992-07-27,1992-04-24,JGS,Clinical Chemistry,Substantially Equivalent,Traditional,Statement,CH,US,Walham,MA,https://www.accessdata.fda.gov/cdrh_docs/pdf92/K921937.pdf
K922215,NOVA 14 NA/K/CL/GLU/BUN ANALYZER,Nova Biomedical Corp.,1992-07-17,1992-04-24,JGS,Clinical Chemistry,Substantially Equivalent,Traditional,Statement,CH,US,Walham,MA,https://www.accessdata.fda.gov/cdrh_docs/pdf92/K922215.pdf
K915178,NOVA 11 NA/K/LI ANALYZER,Nova Biomedical Corp.,1992-01-27,1991-11-15,CEM,Clinical Chemistry,Substantially Equivalent,Traditional,Statement,CH,US,Walham,MA,https://www.accessdata.fda.gov/cdrh_docs/pdf91/K915178.pdf
K915177,NOVA 5 NA/K/C1 ALALYZER,Nova Biomedical Corp.,1992-01-27,1991-11-15,CEM,Clinical Chemistry,Substantially Equivalent,Traditional,Statement,CH,US,Walham,MA,https://www.accessdata.fda.gov/cdrh_docs/pdf91/K915177.pdf
K915176,NOVA 4 NA/K/C1/TCO2/LI ANALYZER,Nova Biomedical Corp.,1992-01-15,1991-11-15,JGS,Clinical Chemistry,Substantially Equivalent,Traditional,Statement,CH,US,Walham,MA,https://www.accessdata.fda.gov/cdrh_docs/pdf91/K915176.pdf
K913259,NOVA CELLTRAK 12 AUTO MULTI-PARA HEMA ANALYZER/CAL,Nova Biomedical Corp.,1991-10-08,1991-07-23,GKZ,Hematology,Substantially Equivalent,Traditional,Statement,HE,US,Walham,MA,https://www.accessdata.fda.gov/cdrh_docs/pdf91/K913259.pdf
K912561,NOVA 13 ANALYZER,Nova Biomedical Corp.,1991-09-11,1991-06-11,CGZ,Clinical Chemistry,Substantially Equivalent,Traditional,Statement,CH,US,Walham,MA,https://www.accessdata.fda.gov/cdrh_docs/pdf91/K912561.pdf
K912560,NOVA 12 ANALYZER,Nova Biomedical Corp.,1991-07-17,1991-06-11,JGS,Clinical Chemistry,Substantially Equivalent,Traditional,Statement,CH,US,Walham,MA,https://www.accessdata.fda.gov/cdrh_docs/pdf91/K912560.pdf
K912559,NOVA 1 SODIUM/POTASSIUM/HEMATOCRIT ANALYZER,Nova Biomedical Corp.,1991-07-01,1991-06-11,JGS,Clinical Chemistry,Substantially Equivalent,Traditional,Statement,CH,US,Walham,MA,https://www.accessdata.fda.gov/cdrh_docs/pdf91/K912559.pdf
K912321,MODULE: NOVA NUCLEUS TMG MODULE FLUID PACK,Nova Biomedical Corp.,1991-06-17,1991-05-24,JGJ,Clinical Chemistry,Substantially Equivalent,Traditional,Statement,CH,US,Walham,MA,https://www.accessdata.fda.gov/cdrh_docs/pdf91/K912321.pdf
K905264,"STAT PROFILE 8 ANALYZER,CALIBRATORS AND MATERIALS",Nova Biomedical Corp.,1991-03-05,1990-11-21,JGS,Clinical Chemistry,Substantially Equivalent,Traditional,,CH,US,Walham,MA,https://www.accessdata.fda.gov/cdrh_docs/pdf90/K905264.pdf
K897177,"CALIBRATORS, CONTROL MATERIALS, ELECTRODES & TUBE",Nova Biomedical Corp.,1990-03-27,1989-12-27,JIX,Clinical Chemistry,Substantially Equivalent,Traditional,,CH,US,Walham,MA,https://www.accessdata.fda.gov/cdrh_docs/pdf89/K897177.pdf
K894218,NOVA NUCLEUS CLINICAL CHEMISTRY SYSTEM,Nova Biomedical Corp.,1989-09-07,1989-06-19,JGS,Clinical Chemistry,Substantially Equivalent,Traditional,,CH,US,Walham,MA,https://www.accessdata.fda.gov/cdrh_docs/pdf89/K894218.pdf
K884618,"NOVA CELLTRAK 11 AUTO. HEMA. ANALYZER, CALIBRATORS",Nova Biomedical Corp.,1989-01-24,1988-11-04,GKL,Hematology,Substantially Equivalent,Traditional,,HE,US,Walham,MA,https://www.accessdata.fda.gov/cdrh_docs/pdf88/K884618.pdf
K884143,NOVA STAT PROFILE 7 ANALYZER QUALITY CONTROL MATER,Nova Biomedical Corp.,1988-12-02,1988-09-30,CHL,Clinical Chemistry,Substantially Equivalent,Traditional,,CH,US,Walham,MA,https://www.accessdata.fda.gov/cdrh_docs/pdf88/K884143.pdf
K880750,NOVA STAT PROFILE 6 ANALYZER + QUALITY CONTROL MAT,Nova Biomedical Corp.,1988-07-01,1988-02-24,JGS,Clinical Chemistry,Substantially Equivalent,Traditional,,CH,US,Walham,MA,https://www.accessdata.fda.gov/cdrh_docs/pdf88/K880750.pdf
K881255,NOVA 12 NA/K/C1/TOTAL CARBON DIOXIDE/GLUCOSE/UREA,Nova Biomedical Corp.,1988-05-16,1988-03-23,JGS,Clinical Chemistry,Substantially Equivalent,Traditional,,CH,US,Walham,MA,https://www.accessdata.fda.gov/cdrh_docs/pdf88/K881255.pdf
K874832,NOVA STAT PROFILE 5 ANALYZER + QUALITY CONTROL,Nova Biomedical Corp.,1988-02-11,1987-11-24,JGS,Clinical Chemistry,Substantially Equivalent,Traditional,,CH,US,Walham,MA,https://www.accessdata.fda.gov/cdrh_docs/pdf87/K874832.pdf
K872190,NOVA 13 SODIUM/POTASSIUM/CHLORIDE/LITHIUM ANALYZER,Nova Biomedical Corp.,1987-06-24,1987-06-08,JGS,Clinical Chemistry,Substantially Equivalent,Traditional,,CH,US,Walham,MA,https://www.accessdata.fda.gov/cdrh_docs/pdf87/K872190.pdf
K871397,ANALYZER: NOVA STAT PROFILE 3 ANALYZER,Nova Biomedical Corp.,1987-06-03,1987-04-07,CHL,Clinical Chemistry,Substantially Equivalent,Traditional,,CH,US,Walham,MA,https://www.accessdata.fda.gov/cdrh_docs/pdf87/K871397.pdf
K864445,STAT PROFILE 4 ANALYZER + QUALITY CONTROL MATERIAL,Nova Biomedical Corp.,1987-02-04,1986-11-12,CHL,Clinical Chemistry,Substantially Equivalent,Traditional,,CH,US,Walham,MA,https://www.accessdata.fda.gov/cdrh_docs/pdf86/K864445.pdf
K863438,NOVA II SODIUM/POTASSIUM/LITHIUM ANALYZER,Nova Biomedical Corp.,1986-09-29,1986-09-05,JJP,Clinical Chemistry,Substantially Equivalent,Traditional,,CH,US,Walham,MA,https://www.accessdata.fda.gov/cdrh_docs/pdf86/K863438.pdf
K854608,ANALYZER NOVA STAT PROFILE 2/QUALITY CONTROL MAT.,Nova Biomedical Corp.,1985-12-05,1985-11-18,CHL,Clinical Chemistry,Substantially Equivalent,Traditional,,CH,US,Walham,MA,https://www.accessdata.fda.gov/cdrh_docs/pdf85/K854608.pdf
K852790,ANALYZER: NOVA STAT PROFILE 1 QUA CON MAT: ELECT,Nova Biomedical Corp.,1985-11-12,1985-07-01,CHL,Clinical Chemistry,Substantially Equivalent,Traditional,,HE,US,Walham,MA,https://www.accessdata.fda.gov/cdrh_docs/pdf85/K852790.pdf
K841452,NOVA STAT CONTROL LEVELS 1/2/3,Nova Biomedical Corp.,1984-06-22,1984-04-09,JJY,Clinical Chemistry,Substantially Equivalent,Traditional,,CH,US,Mchenry,IL,https://www.accessdata.fda.gov/cdrh_docs/pdf84/K841452.pdf
K841464,CHANGES IN THE CHEMICAL COMP. OF 5,Nova Biomedical Corp.,1984-06-22,1984-03-12,JIX,Clinical Chemistry,Substantially Equivalent,Traditional,,CH,US,Walker,MI,https://www.accessdata.fda.gov/cdrh_docs/pdf84/K841464.pdf
K833154,NOVA 9 SODIUM/POTASSIUM/TOTAL CALCIUM,Nova Biomedical Corp.,1983-12-08,1983-09-15,JJF,Clinical Chemistry,Substantially Equivalent,Traditional,,CH,US,Mchenry,IL,https://www.accessdata.fda.gov/cdrh_docs/pdf83/K833154.pdf
K833153,NOVA 10 SODIUM/POTASSIUM/TOTAL CALCIU,Nova Biomedical Corp.,1983-11-25,1983-09-15,JJF,Clinical Chemistry,Substantially Equivalent,Traditional,,CH,US,Mchenry,IL,https://www.accessdata.fda.gov/cdrh_docs/pdf83/K833153.pdf
K830213,NOVA 7 TOTAL CALCIUM/IONIZED CALCIUM,Nova Biomedical Corp.,1983-04-05,1983-01-24,JFP,Clinical Chemistry,Substantially Equivalent,Traditional,,CH,US,Walker,MI,https://www.accessdata.fda.gov/cdrh_docs/pdf83/K830213.pdf
K830502,NOVA 8 IONIZED CALCIUM/PH ANALYZER,Nova Biomedical Corp.,1983-03-24,1983-02-16,JFP,Clinical Chemistry,Substantially Equivalent,Traditional,,CH,US,Walker,MI,https://www.accessdata.fda.gov/cdrh_docs/pdf83/K830502.pdf
K823389,SODIUM/POTASSIUM/IONIZED CALCIUM ANALYZ,Nova Biomedical Corp.,1983-02-02,1982-11-15,JFP,Clinical Chemistry,Substantially Equivalent,Traditional,,CH,US,Mchenry,IL,https://www.accessdata.fda.gov/cdrh_docs/pdf82/K823389.pdf
K811289,NOVA 5,Nova Biomedical Corp.,1981-05-27,1981-05-11,JGS,Clinical Chemistry,Substantially Equivalent,Traditional,,CH,US,Mchenry,IL,https://www.accessdata.fda.gov/cdrh_docs/pdf81/K811289.pdf
K801882,NOVA 4 SODIUM/POTASSIUM/CHLORIDE/CARBON,Nova Biomedical Corp.,1980-09-16,1980-08-07,JGS,Clinical Chemistry,Substantially Equivalent,Traditional,,CH,US,Mchenry,IL,https://www.accessdata.fda.gov/cdrh_docs/pdf80/K801882.pdf
K792254,NOVA 3+3 CHLORIDE/TOTAL CARBON DIOXIDE,Nova Biomedical Corp.,1979-12-06,1979-11-08,JFL,Clinical Chemistry,Substantially Equivalent,Traditional,,CH,US,Mchenry,IL,https://www.accessdata.fda.gov/cdrh_docs/pdf79/K792254.pdf
K791175,"ANALYZER, SODIUM/POTASSIUM",Nova Biomedical Corp.,1979-08-10,1979-06-25,CEM,Clinical Chemistry,Substantially Equivalent,Traditional,,CH,US,Mchenry,IL,https://www.accessdata.fda.gov/cdrh_docs/pdf79/K791175.pdf
K771643,NOVA 2 IONIZED CALCIUM ANALYZER,Nova Biomedical Corp.,1977-09-28,1977-08-29,JFP,Clinical Chemistry,Substantially Equivalent,Traditional,,CH,US,Mchenry,IL,https://www.accessdata.fda.gov/cdrh_docs/pdf77/K771643.pdf
K770601,"ANALYZER, SODIUM/POTASSIUM NOVA L",Nova Biomedical Corp.,1977-06-14,1977-03-30,JGS,Clinical Chemistry,Substantially Equivalent,Traditional,,CH,US,Mchenry,IL,https://www.accessdata.fda.gov/cdrh_docs/pdf77/K770601.pdf
