section,page,url,notes
Certificates of Conformance/Analysis,00000-19999 Part Numbers,https://novabiomedicaldocs.com/,"Lot-level CofA/CofC PDFs, grouped by part number"
Certificates of Conformance/Analysis,20000-29999 Part Numbers,https://novabiomedicaldocs.com/20000-29999-part-numbers-certificates-of-conformance-and-analysis/,
Certificates of Conformance/Analysis,30000-39999 Part Numbers,https://novabiomedicaldocs.com/30000-39999-part-numbers-certificates-of-conformance-and-analysis/,
Certificates of Conformance/Analysis,40000-49999 Part Numbers,https://novabiomedicaldocs.com/40000-49999-part-numbers-certificate-of-conformance-and-analysis/,
Certificates of Conformance/Analysis,50000-54999 Part Numbers,https://novabiomedicaldocs.com/50000-54999-part-numbers-certificates-of-conformance-and-analysis-2/,
Certificates of Conformance/Analysis,55000-59999 Part Numbers,https://novabiomedicaldocs.com/55000-59999-part-numbers-certificates-of-conformance-and-analysis3/,
Certificates of Conformance/Analysis,60000-69999 Part Numbers,https://novabiomedicaldocs.com/60000-69999-part-numbers-certificates-of-conformance-and-analysis/,
Quality Control Insert Sheets,00000-49999 (QC) Part Numbers,https://novabiomedicaldocs.com/00000-49999-qc-part-numbers/,QC insert sheets by part number
Quality Control Insert Sheets,50000-70000 (QC) Part Numbers,https://novabiomedicaldocs.com/50000-65000-qc-part-numbers/,
Instructions For Use,Meters,https://novabiomedicaldocs.com/ifu-meters/,11 published meter IFU/QRG PDFs
Instructions For Use,Analyzers,https://novabiomedicaldocs.com/ifu-analyzers/,12 published analyzer IFU PDFs
IFU Request Form,Meters,https://novabiomedicaldocs.com/meters-instructions-for-use-and-insert-sheet-request/,"Gated - request form, no direct PDFs"
IFU Request Form,Stat Profile Prime Plus,https://novabiomedicaldocs.com/stat-profile-prime-plus-instructions-for-use-and-insert-sheet-request/,Gated
IFU Request Form,Stat Profile Prime,https://novabiomedicaldocs.com/stat-profile-prime-instructions-for-use-and-insert-sheet-request/,Gated
IFU Request Form,Allegro,https://novabiomedicaldocs.com/allegro-instructions-for-use-and-insert-sheet-request/,Gated
IFU Request Form,Nova Primary Analyzer,https://novabiomedicaldocs.com/nova-primary-analyzer-instructions-for-use-and-insert-sheet-request/,Gated
BioProfile FLEX Barcoded Inserts,Level 1,https://novabiomedicaldocs.com/level-1-bioprofile-flex-barcoded-insert-sheets/,Barcoded QC insert sheets
BioProfile FLEX Barcoded Inserts,Level 2,https://novabiomedicaldocs.com/level-2-bioprofile-flex-barcoded-insert-sheets/,
BioProfile FLEX Barcoded Inserts,Level 3,https://novabiomedicaldocs.com/level-3-bioprofile-flex-barcoded-insert-sheets/,
BioProfile FLEX Barcoded Inserts,Level 4,https://novabiomedicaldocs.com/level-4-bioprofile-flex-barcoded-insert-sheets/,
BioProfile FLEX Barcoded Inserts,Level 5,https://novabiomedicaldocs.com/level-5-bioprofile-flex-barcoded-insert-sheets/,
BioProfile FLEX Barcoded Inserts,UPC index,https://novabiomedicaldocs.com/upc/,
Safety Data Sheets,SDS,https://novabiomedicaldocs.com/safety-data-sheets-sds/,Chemical SDS documents
Safety Data Sheets,SDS Form Requests,https://novabiomedicaldocs.com/sds-form-requests/,Gated request form
Brochures,EUSEM - Brochure Downloads,https://novabiomedicaldocs.com/eusem/,Conference brochure landing page
Brochures,LABCLIN - Descargue nuestros folletos,https://novabiomedicaldocs.com/labclin/,Spanish conference brochure page
Meta,Site Map,https://novabiomedicaldocs.com/site-map/,Full page listing
