brand_name,version_or_model_number,catalog_number,di,issuing_agency,product_codes,device_description,commercial_distribution_status,is_single_use,publish_date,company_name
Nova,SUREFLEX,48738,10385480487389,GS1,NBW,Nova Sureflex Lancets,In Commercial Distribution,true,2016-09-20,NOVA BIOMEDICAL CORPORATION
NOVA,12,15819,00385480158190,GS1,JIX,"NOVA 12, NOVA 14, NOVA 16 DILUTER PACK",In Commercial Distribution,false,2016-09-16,NOVA BIOMEDICAL CORPORATION
STAT PROFILE,PHOX/BASIC/PLUS/L/C,21522,00385480215220,GS1,CHL,STAT PROFILE pHOx/BASIC/PLUS/L/C pH SENSOR,In Commercial Distribution,true,2016-09-16,NOVA BIOMEDICAL CORPORATION
Stat Profile,Prime Plus,57825,00385480578257,GS1,CHL,Stat Profile Prime Plus Calibrator Cartridge 100 Sample,In Commercial Distribution,false,2018-11-09,NOVA BIOMEDICAL CORPORATION
STAT PROFILE,PHOX PLUS,27803,10385480278031,GS1,CEM; CGZ; GJS; CHL; GKR; JFP; JIX; JPI; CGA,Stat Profile pHOx Plus Analyzer,In Commercial Distribution,false,2016-09-20,NOVA BIOMEDICAL CORPORATION
STAT PROFILE,PHOX ULTRA/CCX,48903,00385480489034,GS1,JJY,Stat Profile pHOx Ultra/CCX Blood Gas Controls Auto-Cartridge 6/Day,In Commercial Distribution,false,2016-09-20,NOVA BIOMEDICAL CORPORATION
STATSTRIP,1.0,45886,10385480458860,GS1,JJX; CGA,StatStrip GLU Meter with Quick Reference Guide Remanufactured,In Commercial Distribution,false,2016-09-20,NOVA BIOMEDICAL CORPORATION
NOVA,1,11272,00385480112727,GS1,CFA; JPI; JFL; JIX; CGA; CGZ; CEM; CDS; JGS; JJC; CGL; JFP; JPK; NDW,NOVA CLEANING SOLUTION,In Commercial Distribution,false,2016-09-16,NOVA BIOMEDICAL CORPORATION
STAT PROFILE,PRIME CCS,53365,00385480533652,GS1,JIX,Prime Calibrator Cartridge CCS Comp 200 Sample,In Commercial Distribution,false,2016-09-20,NOVA BIOMEDICAL CORPORATION
STAT PROFILE,PRIME,42043,00385480420433,GS1,CEM; KHP; JGS; JFP; JIX; CHL; CGZ; JJS; CGA; GKF,Prime Reference Cartridge,In Commercial Distribution,false,2016-09-20,NOVA BIOMEDICAL CORPORATION
STAT PROFILE,phox Ultra/CCX Co-Ox,48559,00385480485593,GS1,JIX,Stat Profile pHOx Ultra/CCX Co-ox Calibrator Cartridge with Bilirubin and Deproteinizing Solution,In Commercial Distribution,false,2016-09-20,NOVA BIOMEDICAL CORPORATION
NOVA,8/13,13143,00385480131438,GS1,CGZ; JPI; CFA; CEM; JGS; JFP; CHL; NDW,NOVA 8/13 S LINE,In Commercial Distribution,false,2016-09-16,NOVA BIOMEDICAL CORPORATION
Nova,SUREFLEX,48737,10385480487372,GS1,NBW,Nova Sureflex 30 Lancets,In Commercial Distribution,true,2016-09-20,NOVA BIOMEDICAL CORPORATION
NOVA,16,17436,00385480174367,GS1,JFL,NOVA 16 TCO2 FLOWCELL,In Commercial Distribution,false,2016-09-16,NOVA BIOMEDICAL CORPORATION
NOVA,1/4/5/8/10/11/12/13/14,14244,00385480142441,GS1,JIX; JFL; CFA; JJC; CGZ; JPI; CEM; NDW; CDS; JGS; CGA; JFP; JPK,NOVA 1/4/5/8/10/11/12/13/14 REFERENCE SENSOR,In Commercial Distribution,true,2016-09-20,NOVA BIOMEDICAL CORPORATION
STAT PROFILE,PRIME,52484,00385480524841,GS1,CGZ; JFP; JGS; CHL; JJS; CGA; CEM; KHP; GKF; JIX,Prime Pump Harness,In Commercial Distribution,false,2016-09-20,NOVA BIOMEDICAL CORPORATION
Stat Profile,Prime ES Plus,61453,10385480614532,GS1,CHL,Prime Sensor Card ES Plus,In Commercial Distribution,false,2020-02-03,NOVA BIOMEDICAL CORPORATION
STAT PROFILE,PHOX,21523,00385480215237,GS1,JGS,STAT PROFILE pHOx SODIUM SENSOR,In Commercial Distribution,true,2016-09-20,NOVA BIOMEDICAL CORPORATION
STAT PROFILE,PRIME ABG,53464,00385480534642,GS1,JIX,Prime Calibrator Cartridge ABG 500 Sample,In Commercial Distribution,false,2016-09-20,NOVA BIOMEDICAL CORPORATION
STAT PROFILE,PHOX PLUS/C,30643,00385480306430,GS1,JJY,"STAT PROFILE PHOX PLUS/C CONTROLS AUTO-CARTRIDGE, 75",In Commercial Distribution,false,2016-09-20,NOVA BIOMEDICAL CORPORATION
Stat Profile,pHOx Ultra/CCX,48585,00385480485852,GS1,JIX; GJC; CFA; CGZ; JGS; JJB; CEM; GKK; GHS; GLY; BXX; GGZ; CGA; NGD; CDS; CGL; JFP; CHL,Stat Profile pHOx Ultra/CCX Capillary Tube 230 uL with Na Heparin 250 per vial,In Commercial Distribution,true,2016-09-20,NOVA BIOMEDICAL CORPORATION
STAT PROFILE,PRIME CCS,53469,10385480534694,GS1,JIX,Prime Calibrator Cartridge CCS Comp 500 Sample,In Commercial Distribution,false,2016-09-20,NOVA BIOMEDICAL CORPORATION
Stat Profile,Prime Plus,57843,00385480578431,GS1,CHL,Stat Profile Prime Plus Auto QC Cartridge 315 Sample with Creat / BUN,In Commercial Distribution,false,2018-11-09,NOVA BIOMEDICAL CORPORATION
NOVA,1,6857,00385480068574,GS1,CHL; JFL,Nova PCO2/TCO2 Conditioning Solution,In Commercial Distribution,false,2016-09-16,NOVA BIOMEDICAL CORPORATION
NOVA,1/5/11/13,16728,00385480167284,GS1,CGZ; JGS; NDW; JPI; CEM,NOVA 1/5/11/13 TUBING HARNESS WITHOUT DILUTOR,In Commercial Distribution,false,2016-09-20,NOVA BIOMEDICAL CORPORATION
Nova,1,13177,00385480131773,GS1,JJY,GLUCOSE/BUN OVER-RANGE SOLUTION,In Commercial Distribution,false,2016-09-20,NOVA BIOMEDICAL CORPORATION
NOVA,1-16,9583,00385480095839,GS1,JFL; JPI; JGS; NDW; CFA; CGA; CGZ; CDS; CGL; JJC; JIX; JFP; CEM; JPK,NOVA 1-16 MIXER,In Commercial Distribution,false,2016-09-16,NOVA BIOMEDICAL CORPORATION
STAT PROFILE,phox plus L,34117,00385480341172,GS1,JJY,"STAT PROFILE pHOx PLUS L CONTROL 1,2,3",In Commercial Distribution,true,2016-09-16,NOVA BIOMEDICAL CORPORATION
Stat Profile,Prime ES Comp Plus,62646,10385480626467,GS1,CHL,Remanufactured Prime ES Comp Plus w/ Tray & Scanner,In Commercial Distribution,false,2020-02-03,NOVA BIOMEDICAL CORPORATION
STAT PROFILE,ULTRA/CCX,48551,00385480485517,GS1,CGA,Stat Profile pHOx Ultra/CCX Glucose Sensor,In Commercial Distribution,true,2016-09-20,NOVA BIOMEDICAL CORPORATION
StatSensor/StatStrip,1.0,42225,10385480422250,GS1,CGA; CGL; KHP,StatSensor StatStrip Docking Station,In Commercial Distribution,false,2016-09-20,NOVA BIOMEDICAL CORPORATION
STAT PROFILE,PRIME CCS,53666,00385480536660,GS1,JGS; GKF; JIX; CHL; JJS; CEM; KHP; CGZ; CGA; JFP,Remanufactured Prime CCS w/ Scanner Analyzer,In Commercial Distribution,false,2017-07-06,NOVA BIOMEDICAL CORPORATION
NOVA,12,13985,00385480139854,GS1,JJY,NOVA 12 MICROSAMPLE STANDARD,In Commercial Distribution,false,2017-04-24,NOVA BIOMEDICAL CORPORATION
StatSensor,Creatinine,44037,00385480440370,GS1,JJX,StatSensor Creat Linearity Level 1 - 5,In Commercial Distribution,false,2016-09-20,NOVA BIOMEDICAL CORPORATION
STAT PROFILE,PRIME CCS,52864,00385480528641,GS1,JJY,Prime Auto QC Cartridge CCS 300 Sample,In Commercial Distribution,false,2016-09-20,NOVA BIOMEDICAL CORPORATION
STAT PROFILE,PHOX ULTRA,48562,10385480485620,GS1,CHL; CEM; JIX; JJB; GGZ; CGZ; NGD; GHS; CGA; GJC; GKK; GLY; CGL; JFP; JGS; CFA; CDS; BXX,Stat Profile pHOx Ultra Co-Oximeter S-Line Probe Assembly,In Commercial Distribution,false,2016-09-20,NOVA BIOMEDICAL CORPORATION
StatStrip,GLU Test Strip,42214,10385480422144,GS1,CGA,StatStrip StatStrip Xpress Glu - Test Strips,In Commercial Distribution,true,2017-12-26,NOVA BIOMEDICAL CORPORATION
STAT PROFILE,PRIME ABG,53456,00385480534567,GS1,JJY,Prime Auto QC Cartridge ABG 100 Sample,In Commercial Distribution,false,2016-09-20,NOVA BIOMEDICAL CORPORATION
STAT PROFILE,PRIME CCS,52856,00385480528566,GS1,JJS; JIX; KHP; JFP; GKF; CGZ; CEM; CHL; JGS; CGA,Prime CCS Analyzer,In Commercial Distribution,false,2017-07-06,NOVA BIOMEDICAL CORPORATION
NOVA,10,13197,00385480131971,GS1,NDW; CEM; CGZ; JGS; JFP,NOVA 10 W/R PUMP TUBE WITH DILUTOR,In Commercial Distribution,false,2016-09-16,NOVA BIOMEDICAL CORPORATION
NOVA,16,18342,00385480183420,GS1,JPK; JIX; JPI; CGL; CGZ; JFL; CGA; JJC; CEM; CDS,NOVA 16 EXTERNAL DILUENT,In Commercial Distribution,false,2017-04-24,NOVA BIOMEDICAL CORPORATION
STAT PROFILE,PHOX ULTRA/CCX,48928,00385480489287,GS1,JJY,Stat Profile pHOx Ultra/CCX Chemistry Controls Auto-Cartridge with Creat 6/Day,In Commercial Distribution,false,2016-09-20,NOVA BIOMEDICAL CORPORATION
Stat Profile,Prime,56307,00385480563079,GS1,CHL,Prime Carousel Tray,In Commercial Distribution,false,2022-12-08,NOVA BIOMEDICAL CORPORATION
Stat Profile,Prime Plus,59696,00385480596961,GS1,GGZ; CHL; JGS; CGA,Scanner Handheld DS8178 W/Base & Cable Prime Plus,In Commercial Distribution,false,2022-12-08,NOVA BIOMEDICAL CORPORATION
NOVA,10,14617,00385480146173,GS1,JGS; CEM; JFP; NDW; CGZ,NOVA 10 TUBING HARNESS WITHOUT DILUTOR,In Commercial Distribution,false,2016-09-16,NOVA BIOMEDICAL CORPORATION
NOVA,4,14187,00385480141871,GS1,NDW; CGZ; CEM; JFL; JGS,NOVA 4 TUBING HARNESS WITHOUT DILUTOR,In Commercial Distribution,false,2016-09-20,NOVA BIOMEDICAL CORPORATION
Stat Profile,CCX,40723,00385480407236,GS1,GHS; JIX; JPI; KHP; GKR; JJS; JPK; CGA; JGS; CGZ; CHL; JKS; CFA; CEM; CGL; JFP; CDS,STAT PROFILE CRITICAL CARE EXPRESS CAPILLARY TUBE 150 uL WITH Na HEPARIN,In Commercial Distribution,true,2016-09-20,NOVA BIOMEDICAL CORPORATION
NOVA,4/12,125,10385480001257,GS1,JFL,NOVA 4/12 TCO2 MEMBRANE KIT,In Commercial Distribution,true,2016-09-20,NOVA BIOMEDICAL CORPORATION
NOVA,16,17509,00385480175098,GS1,JGS,NOVA 16 SODIUM SENSOR,In Commercial Distribution,true,2016-09-20,NOVA BIOMEDICAL CORPORATION
STAT PROFILE,PRIME CSS,53656,00385480536561,GS1,CGZ; CGA; CHL; GKF; JJS; JFP; JGS; CEM; KHP; JIX,Prime CCS w/ Scanner Analyzer,In Commercial Distribution,false,2017-07-06,NOVA BIOMEDICAL CORPORATION
STAT PROFILE,PHOX PLUS L,34081,10385480340813,GS1,GJS; KHP; JKS; JPK; CEM; JPI; CGZ; GKR; JIX; CHL; JFP,Stat Profile pHOx Plus L Analyzer,In Commercial Distribution,false,2016-09-20,NOVA BIOMEDICAL CORPORATION
Stat Profile,Prime Plus,57838,00385480578387,GS1,CHL,Stat Profile Prime Plus Auto QC Cartridge 160 Sample,In Commercial Distribution,false,2018-11-09,NOVA BIOMEDICAL CORPORATION
Nova,1,13211,10385480132111,GS1,JGS; CEM; JPI,NOVA 1/1+ Analyzer w/ Printer (No Acc Pack),In Commercial Distribution,false,2016-09-20,NOVA BIOMEDICAL CORPORATION
STAT PROFILE,CCX CO-OX,35150,00385480351508,GS1,JIX,STAT PROFILE CCX CO-OX CALIBRATOR CARTRIDGE,In Commercial Distribution,false,2016-09-16,NOVA BIOMEDICAL CORPORATION
Stat Profile,Prime Plus,57839,00385480578394,GS1,CHL,Stat Profile Prime Plus Auto QC Cartridge 320 Sample,In Commercial Distribution,false,2018-11-09,NOVA BIOMEDICAL CORPORATION
STAT PROFILE,CCX CO OX,37555,10385480375556,GS1,JPI; JKS; CIG; CGA; JFP; JIX; JGS; CGL; CHL; JPK; CFA; CDS; CGZ; JJS; GKR; CEM; JJY; GHS; JIT; KHP,Remanufactured Stat Profile Critical Care Xpress CO-Oximeter Analyzer,In Commercial Distribution,false,2016-09-20,NOVA BIOMEDICAL CORPORATION
STAT PROFILE,CCX,36251,00385480362511,GS1,JIX,STAT PROFILE CCX CALIBRATOR CARTRIDGE 2,In Commercial Distribution,false,2016-09-20,NOVA BIOMEDICAL CORPORATION
NOVA MAX,GLU,43446,00385480434461,GS1,JJX,Nova Max Glucose Normal Glucose Control Solution,In Commercial Distribution,false,2016-09-20,NOVA BIOMEDICAL CORPORATION
STAT PROFILE,PRIME ABG,53108,00385480531085,GS1,JJY,Prime Auto QC Cartridge ABG 300 Sample,In Commercial Distribution,false,2016-09-20,NOVA BIOMEDICAL CORPORATION
STAT PROFILE,PRIME ABG,53359,00385480533591,GS1,JIX,Prime Calibrator Cartridge ABG 300 Sample,In Commercial Distribution,false,2016-09-20,NOVA BIOMEDICAL CORPORATION
Nova Primary,Nova Primary Analyzer,63457,10385480634578,GS1,CGA,Nova Primary Glucose Analyzer,In Commercial Distribution,false,2023-02-08,NOVA BIOMEDICAL CORPORATION
NOVA,16,17518,00385480175180,GS1,JJC; CGZ; JPI; CGL; CGA; JIX; JPK; JFL; CDS; CEM,NOVA 16 SENSOR MIXER,In Commercial Distribution,false,2016-09-16,NOVA BIOMEDICAL CORPORATION
STAT PROFILE,PHOX/BASIC,23933,00385480239332,GS1,JJY,"STAT PROFILE PHOX/BASIC CONTROLS AUTO-CARTRIDGE,330",In Commercial Distribution,false,2016-09-20,NOVA BIOMEDICAL CORPORATION
STAT PROFILE,phox Ultra/CCX,48593,00385480485937,GS1,JGS; CHL,Stat Profile pHOx Ultra/CCX Na/pH Sensor Blank,In Commercial Distribution,true,2016-09-20,NOVA BIOMEDICAL CORPORATION
NOVA,16,17452,00385480174527,GS1,JJY,"NOVA 16 CONTROL 1,2,Na+,K+,Cl-,TCO2,GLU,CREAT,BUN,Li+",In Commercial Distribution,true,2017-06-26,NOVA BIOMEDICAL CORPORATION
STAT PROFILE,phox Ultra/CCX,48582,00385480485821,GS1,CEM,Stat Profile Ultra/CCX Potassium Sensor,In Commercial Distribution,true,2016-09-20,NOVA BIOMEDICAL CORPORATION
STAT PROFILE,PHOX BASIC,35540,10385480355404,GS1,JIX; JPK; CHL,Remanufactured Stat Profile Phox Basic Analyzer,In Commercial Distribution,false,2016-09-20,NOVA BIOMEDICAL CORPORATION
NOVA,A,25217,00385480252171,GS1,JJY,Linearity Standard Set A,In Commercial Distribution,true,2016-09-19,NOVA BIOMEDICAL CORPORATION
STAT PROFILE,PHOX plus/L/C,28954,00385480289542,GS1,CGZ; JKS; CEM; JFP; JPI; JGS; CGA; CHL; GKR,STAT PROFILE pHOx PLUS/L/C REFERENCE SENSOR,In Commercial Distribution,true,2016-09-20,NOVA BIOMEDICAL CORPORATION
Nova Primary,Nova Primary Linearity Level 1,63165,00385480631655,GS1,CGA,Nova Primary Linearity Level 1,In Commercial Distribution,true,2023-02-24,NOVA BIOMEDICAL CORPORATION
STAT PROFILE,ULTRA/CCX,48556,10385480485569,GS1,CFA,Stat Profile pHOx Ultra/CCX Ionized Magnesium Sensor,In Commercial Distribution,true,2016-09-20,NOVA BIOMEDICAL CORPORATION
Stat Profile,Prime Plus,58642,10385480586426,GS1,CHL,Stat Profile Prime Plus MicroSensor Card™,In Commercial Distribution,false,2018-11-09,NOVA BIOMEDICAL CORPORATION
NOVA,16,17364,00385480173643,GS1,CEM,NOVA 16 POTASSIUM SENSOR,In Commercial Distribution,true,2016-09-16,NOVA BIOMEDICAL CORPORATION
NOVA,8,53991,10385480539910,GS1,JPI; JGS; JFP; CEM; CFA; CHL,Nova 8/8+ Analyzer w/ Printer /Auto Sampler,In Commercial Distribution,false,2016-09-20,NOVA BIOMEDICAL CORPORATION
STAT PROFILE,PHOX PLUS,27610,00385480276108,GS1,JIX,STAT PROFILE pHOx PLUS CALIBRATOR CARTRIDGE A,In Commercial Distribution,false,2016-09-20,NOVA BIOMEDICAL CORPORATION
NOVA,12/14,16153,00385480161534,GS1,CDS; CGA,NOVA 12/14 GLU/BUN SENSOR BLANK,In Commercial Distribution,true,2016-09-20,NOVA BIOMEDICAL CORPORATION
StatSensor/StatStrip,1.75,56036,10385480560365,GS1,CGL; KHP; CGA,StatStrip Docking Station Remanufactured 2 position 1.75,In Commercial Distribution,false,2016-09-20,NOVA BIOMEDICAL CORPORATION
STAT PROFILE,PHOX ULTRA/CCX,49204,00385480492041,GS1,JIX; JFP; NGD; GLY; CEM; JGS; CFA; GHS; CHL; GJC; BXX; CGL; CDS; GGZ; CGZ; GKK; JJB; CGA,Stat Profile pHox Ultra/CCX Blank Sensor Gas,In Commercial Distribution,true,2016-09-20,NOVA BIOMEDICAL CORPORATION
STAT PROFILE,PRIME CCS,53105,00385480531054,GS1,JIX,Prime Calibrator Cartridge CCS Comp 400 Sample,In Commercial Distribution,false,2016-09-20,NOVA BIOMEDICAL CORPORATION
STAT PROFILE,PRIME ABG,53360,00385480533607,GS1,JIX,Prime Calibrator Cartridge ABG 200 Sample,In Commercial Distribution,false,2016-09-20,NOVA BIOMEDICAL CORPORATION
STAT PROFILE,PHOX PLUS,27613,00385480276139,GS1,JIX,STAT PROFILE pHOx PLUS CALIBRATOR CARTRIDGE D,In Commercial Distribution,false,2016-09-20,NOVA BIOMEDICAL CORPORATION
Statstrip,Xpress2,56510,10385480565100,GS1,CGA,StatStrip Xpress2 GLU Meter with Battery and Quick Reference Guide,In Commercial Distribution,false,2016-09-20,NOVA BIOMEDICAL CORPORATION
STAT PROFILE,PRIME CCS,45150,00385480451505,GS1,JJY,Prime Auto QC Cartridge CCS 200 Sample,In Commercial Distribution,false,2016-09-20,NOVA BIOMEDICAL CORPORATION
STAT PROFILE,PHOX PLUS/C,30644,00385480306447,GS1,JJY,"STAT PROFILE PHOX PLUS/C CONTROLS AUTO-CARTRIDGE, 110",In Commercial Distribution,false,2016-09-20,NOVA BIOMEDICAL CORPORATION
Nova,Nova,40089,00385489400894,GS1,LXG,Syringe Clot Catcher,In Commercial Distribution,true,2022-12-07,NOVA BIOMEDICAL CORPORATION
STAT PROFILE,PHOX,27949,00385480279499,GS1,GLY,STAT PROFILE pHOx CO-OXIMETER TUBING ASSEMBLY PUMP HARNESS,In Commercial Distribution,false,2016-09-20,NOVA BIOMEDICAL CORPORATION
Stat Profile,Prime Plus,57829,00385480578295,GS1,CHL,Stat Profile Prime Plus Calibrator Cartridge 500 Sample,In Commercial Distribution,false,2018-11-09,NOVA BIOMEDICAL CORPORATION
STAT PROFILE,PHOX PLUS C,41888,00385480418881,GS1,JIX,STAT PROFILE pHOx PLUS C CALIBRATOR CARTRIDGE C,In Commercial Distribution,false,2016-09-20,NOVA BIOMEDICAL CORPORATION
NOVA,1-16,13523,00385480135238,GS1,JJY,LINEARITY STANDARD SET D,In Commercial Distribution,false,2016-09-20,NOVA BIOMEDICAL CORPORATION
STAT PROFILE,CCX CO-OX,38732,00385480387323,GS1,JIT; CIG; JJY,STAT PROFILE CRITICAL CARE XPRESS CO-OXIMETER PUMP TUBE REPLACEMENT,In Commercial Distribution,false,2016-09-16,NOVA BIOMEDICAL CORPORATION
STAT PROFILE,PRIME CCS,53466,00385480534666,GS1,JIX,Prime Calibrator Cartridge CCS 400 Sample,In Commercial Distribution,false,2016-09-20,NOVA BIOMEDICAL CORPORATION
NOVA,1/4/5/8/10/11/12/13/14,14713,00385480147132,GS1,CEM,NOVA 1/4/5/8/10/11/12/13/14 POTASSIUM SENSOR,In Commercial Distribution,true,2016-09-20,NOVA BIOMEDICAL CORPORATION
NOVA,STATSTRIP LAC,47553,00385480475532,GS1,JJX,"Nova StatStrip LAC Control, Level 1",In Commercial Distribution,false,2016-09-20,NOVA BIOMEDICAL CORPORATION
STAT PROFILE,CCX,37562,10385480375624,GS1,JPI; CHL; CGA; CDS; JIX; JGS; JKS; CGL; JPK; JJS; JFP; KHP; CFA; CGZ; CEM; GHS; GKR,Remanufactured Stat Profile Critical Care Xpress Analyzer,In Commercial Distribution,false,2016-09-20,NOVA BIOMEDICAL CORPORATION
STAT PROFILE,ULTRA/CCX,48553,00385480485531,GS1,KHP,Stat Profile pHOx Ultra/CCX Lactate Sensor,In Commercial Distribution,true,2016-09-20,NOVA BIOMEDICAL CORPORATION
STAT PROFILE,CCX,36457,00385480364577,GS1,JPK; JJS; CEM; CGL; JIX; CHL; JGS; CFA; GHS; JKS; GKR; JPI; JFP; CGA; KHP; CGZ; CDS,STAT PROFILE CCX W/R TUBING HARNESS,In Commercial Distribution,false,2016-09-16,NOVA BIOMEDICAL CORPORATION
STAT PROFILE,PRIME,52669,00385480526692,GS1,JJS; CGA; JIX; CEM; JGS; KHP; CGZ; CHL; JFP; GKF,Prime Safety Sample Port 5 Pk,In Commercial Distribution,false,2016-09-20,NOVA BIOMEDICAL CORPORATION
NOVA,STATSTRIP XPRESS GLU,41742,00385480417426,GS1,JJX,StatStrip StatStrip Xpress GLU Control Level 2,In Commercial Distribution,false,2016-09-20,NOVA BIOMEDICAL CORPORATION
STATSTRIP,1.86,54790,00385480547901,GS1,PZI,Statstrip Glucose Meter with Battery and Quick Reference Guide,In Commercial Distribution,false,2016-09-16,NOVA BIOMEDICAL CORPORATION
Nova Max,Plus,43435,10385480434352,GS1,JIN; JJX; CGA; NBW,Nova Max Plus Plus Blood Glucose Monitoring System,In Commercial Distribution,false,2016-09-20,NOVA BIOMEDICAL CORPORATION
STAT PROFILE,PHOX/BASIC/PLUS/L/C,21521,00385480215213,GS1,CHL,STAT PROFILE pHOx/BASIC/PLUS/L/C PO2 SENSOR,In Commercial Distribution,true,2016-09-16,NOVA BIOMEDICAL CORPORATION
STAT PROFILE,PHOX/BASIC/PLUS/L/C,25048,00385480250481,GS1,CHL,STAT PROFILE pHOx/BASIC/PLUS/L/C PCO2 MEMBRANE CAP KIT,In Commercial Distribution,false,2016-09-20,NOVA BIOMEDICAL CORPORATION
NOVA,1/5/11/13,13196,00385480131964,GS1,CEM; CGZ; NDW; JPI; JGS,NOVA 1/5/11/13 W/R PUMP TUBE WITHOUT DILUTOR,In Commercial Distribution,false,2016-09-16,NOVA BIOMEDICAL CORPORATION
NOVA,CRT,14712,00385480147125,GS1,JFP,NOVA TCa MIXER,In Commercial Distribution,false,2016-09-16,NOVA BIOMEDICAL CORPORATION
STAT PROFILE,PHOX ULTRA,48563,00385480485630,GS1,CEM; GGZ; GHS; BXX; GKK; GLY; CGZ; CGA; CHL; GJC; JIX; JJB; CDS; NGD; JGS; CFA; JFP; CGL,STAT PROFILE pHOx ULTRA CO-OXIMETER PUMP TUBE REPLACEMENT,In Commercial Distribution,false,2016-09-20,NOVA BIOMEDICAL CORPORATION
NOVA,1/5/8/10/11/13/14,13203,00385480132039,GS1,NDW; CDS; JGS; CGZ; JFP; CHL; CFA; CGA; JPI; CEM,NOVA 1/5/8/10/11/13/14 SENSOR SPACER,In Commercial Distribution,false,2016-09-20,NOVA BIOMEDICAL CORPORATION
NOVA,10,16138,00385480161381,GS1,JIX,NOVA 10 URINE DILUENT,In Commercial Distribution,false,2016-09-20,NOVA BIOMEDICAL CORPORATION
STAT PROFILE,PRIME CCS COMP,52857,00385480528573,GS1,JFP; JIX; KHP; CHL; CGZ; GKF; JJS; JGS; CEM; CGA,Prime CCS Comp Analyzer,In Commercial Distribution,false,2017-07-06,NOVA BIOMEDICAL CORPORATION
NOVA,MAX,43590,10385480435908,GS1,NBW,NOVA MAX 10 GLUCOSE TEST STRIPS,In Commercial Distribution,true,2016-09-16,NOVA BIOMEDICAL CORPORATION
STAT PROFILE,PHOX/BASIC,23930,00385480239301,GS1,JJY,"STAT PROFILE PHOX/BASIC CONTROLS AUTO-CARTRIDGE,75",In Commercial Distribution,false,2016-09-20,NOVA BIOMEDICAL CORPORATION
StatSensor,1.0,45335,10385480453353,GS1,CGL,StatSensor Creatinine Meter with Quick Reference Guide - Remanufactured,In Commercial Distribution,false,2016-09-20,NOVA BIOMEDICAL CORPORATION
STAT PROFILE,PHOX ULTRA,42014,10385480420140,GS1,JFP; CFA; GGZ; CGL; GLY; CHL; CGZ; GKK; CDS; JJB; JIX; NGD; JGS; CEM; CGA; BXX; GHS; GJC,Stat Profile pHOx Ultra ABG Analyzer,In Commercial Distribution,false,2016-09-20,NOVA BIOMEDICAL CORPORATION
STAT PROFILE,PHOX PLUS/C,34643,00385480346436,GS1,CGZ; JEP; GKR; JGS; JPI; CGA; JKS; JIX; JFP; CEM; JPK; GJS; CHL,STAT PROFILE pHOx PLUS/C PROBE,In Commercial Distribution,false,2016-09-20,NOVA BIOMEDICAL CORPORATION
NOVA,8,15264,10385480152645,GS1,JFP,NOVA 8 IONIZED CALCIUM SENSOR,In Commercial Distribution,true,2016-09-20,NOVA BIOMEDICAL CORPORATION
STAT PROFILE,PHOX CO OX,33343,10385480333433,GS1,GLY,Remanufactured Stat Profile pHOx CO-Oximeter Analyzer,In Commercial Distribution,false,2016-09-20,NOVA BIOMEDICAL CORPORATION
NOVA,8,15215,10385480152157,GS1,JGS; JFP; CHL; CFA; CEM; JPI,Nova 8/8+ Analyzer w/ Printer (no Acc Pack),In Commercial Distribution,false,2016-09-20,NOVA BIOMEDICAL CORPORATION
Stat Profile,Prime,53443,00385480534437,GS1,CHL,Flow Path Flush Tool,In Commercial Distribution,false,2022-12-08,NOVA BIOMEDICAL CORPORATION
Stat Profile,Prime ES Plus,62353,10385480623534,GS1,CHL,Prime ES Comp Plus W/ Tray & Scanner,In Commercial Distribution,false,2020-02-03,NOVA BIOMEDICAL CORPORATION
NOVA,8,15086,00385480150866,GS1,CFA; JGS; CEM; JPI; CHL; JFP; JIX; JJC,NOVA 8 TUBING HARNESS,In Commercial Distribution,false,2016-09-20,NOVA BIOMEDICAL CORPORATION
Nova,SUREFLEX,50078,10385480500781,GS1,NBW,Nova Sureflex Lancing Device,In Commercial Distribution,false,2016-09-20,NOVA BIOMEDICAL CORPORATION
Stat Profile,Prime Plus,57400,10385480574003,GS1,CHL,Stat Profile Prime Plus® Analyzer,In Commercial Distribution,false,2018-11-09,NOVA BIOMEDICAL CORPORATION
NOVA,16,17092,00385480170925,GS1,JJC; CGZ; JIX; CDS; JPK; JFL; CGA; CGL; CEM; JPI,NOVA 16 TUBING HARNESS WITH DILUTOR,In Commercial Distribution,false,2016-09-16,NOVA BIOMEDICAL CORPORATION
NOVA,16,17612,10385480176122,GS1,CDS,NOVA 16 BUN MEMBRANE KIT,In Commercial Distribution,true,2016-09-20,NOVA BIOMEDICAL CORPORATION
STAT PROFILE,CCX,36252,00385480362528,GS1,JIX,STAT PROFILE CCX CALIBRATOR CARTRIDGE 2 WITH CREATININE,In Commercial Distribution,false,2016-09-16,NOVA BIOMEDICAL CORPORATION
STAT PROFILE,PHOX PLUS L,33626,00385480336260,GS1,KHP,STAT PROFILE pHOx PLUS L LACTATE SENSOR,In Commercial Distribution,true,2016-09-16,NOVA BIOMEDICAL CORPORATION
Stat Profile,Prime ES Plus,62225,00385480622257,GS1,CHL,Prime Calibrator Cartridge ES Plus 100 Sample,In Commercial Distribution,false,2020-02-03,NOVA BIOMEDICAL CORPORATION
Nova Primary,Nova Primary Glucose Sensor,63231,00385480632317,GS1,CGA,Nova Primary Glucose Sensor,In Commercial Distribution,false,2023-02-09,NOVA BIOMEDICAL CORPORATION
STAT PROFILE,CCX,36640,00385480366403,GS1,JIX,STAT PROFILE CCX CALIBRATOR CARTRIDGE 3,In Commercial Distribution,false,2016-09-20,NOVA BIOMEDICAL CORPORATION
Stat Profile,CCX,40722,00385480407229,GS1,JPK; CEM; CGL; JFP; CFA; JPI; CGA; JKS; JIX; JJS; CGZ; CHL; CDS; GKR; KHP; GHS; JGS,STAT PROFILE CRITICAL CARE EXPRESS CAPILLARY TUBE 230 uL WITH Na HEPARIN,In Commercial Distribution,true,2016-09-20,NOVA BIOMEDICAL CORPORATION
STAT PROFILE,PRIME ABG,55262,10385480552629,GS1,CHL,Prime Sensor Card ABG (High Volume),In Commercial Distribution,false,2016-09-20,NOVA BIOMEDICAL CORPORATION
STAT PROFILE,PHOX PLUS L,33623,10385480336236,GS1,KHP,STAT PROFILE pHOx PLUS L LACTATE MEMBRANE KIT,In Commercial Distribution,true,2016-09-20,NOVA BIOMEDICAL CORPORATION
NOVA,1/5/11,13141,00385480131414,GS1,JPI; CGZ; JGS; NDW; CEM,NOVA 1/5/11 S LINE,In Commercial Distribution,false,2016-09-16,NOVA BIOMEDICAL CORPORATION
STAT PROFILE,PRIME ABG,53107,00385480531078,GS1,JJY,Prime Auto QC Cartridge ABG 200 Sample,In Commercial Distribution,false,2016-09-20,NOVA BIOMEDICAL CORPORATION
Stat Profile,Prime Plus,61605,10385480616055,GS1,GGZ; JGS; CGA; CHL,Stat Profile Prime Plus MicroSensor Card™ with COOX 100,In Commercial Distribution,false,2022-06-16,NOVA BIOMEDICAL CORPORATION
Stat Profile,Prime ES Plus,62227,00385480622271,GS1,CHL,Prime Calibrator Cartridge ES Plus 300 Sample,In Commercial Distribution,false,2020-02-03,NOVA BIOMEDICAL CORPORATION
STATSTRIP,Lactate,47552,00385480475525,GS1,JJY,"Nova StatStrip LAC Linearity, Level 1, Level 2, Level 3, Level 4",In Commercial Distribution,false,2016-09-16,NOVA BIOMEDICAL CORPORATION
Stat Profile,Prime ES Plus,62229,00385480622295,GS1,CHL,Prime Calibrator Cartridge ES Plus 500 Sample,In Commercial Distribution,false,2020-02-03,NOVA BIOMEDICAL CORPORATION
STAT PROFILE,PHOX ULTRA/CCX,48831,00385480488310,GS1,JIX,Stat Profile pHOx Ultra/CCX Calibrator Cartride 4,In Commercial Distribution,false,2016-09-20,NOVA BIOMEDICAL CORPORATION
Stat Profile,Prime ES Plus,62638,10385480626382,GS1,CHL,Remanufactured Prime ES Plus w/ Tray & Scanner,In Commercial Distribution,false,2020-02-03,NOVA BIOMEDICAL CORPORATION
StatSensor/StatStrip,1.0,51995,10385480519950,GS1,CGA; KHP; CGL,Statsensor Statstrip Docking Station 2 position,In Commercial Distribution,false,2016-09-20,NOVA BIOMEDICAL CORPORATION
Stat Profile,Prime ES Comp Plus,61454,10385480614549,GS1,CHL,Prime Sensor Card ES Comp Plus,In Commercial Distribution,false,2020-02-03,NOVA BIOMEDICAL CORPORATION
NOVA,4/5/12/13/14,14062,10385480140628,GS1,CGZ,NOVA 4/5/12/13/14 CHLORIDE SENSOR,In Commercial Distribution,true,2016-09-20,NOVA BIOMEDICAL CORPORATION
NOVA,1/5/10/11/13,13984,00385480139847,GS1,NDW; CGZ; JPI; JGS; CEM; JFP,NOVA 1/5/10/11/13 MICROSAMPLE STANDARD,In Commercial Distribution,false,2016-09-20,NOVA BIOMEDICAL CORPORATION
Nova Max,Plus,43604,10385480436042,GS1,NBW,Nova Max 10 Glucose Test Strips,In Commercial Distribution,true,2016-09-16,NOVA BIOMEDICAL CORPORATION
STAT PROFILE,phox Ultra/CCX Co-Ox,48560,00385480485609,GS1,JIX,Stat Profile pHOx Ultra/Critical Care Xpress CO-Oximeter Calibrator Cartridge,In Commercial Distribution,false,2016-09-20,NOVA BIOMEDICAL CORPORATION
STAT PROFILE,phox ultra/ccx,49184,00385480491846,GS1,JJY,"Stat Profile pHOx Ultra/CCX Control Chemistry L4, 5 (amps)",In Commercial Distribution,true,2016-09-16,NOVA BIOMEDICAL CORPORATION
NOVA,4/10/12,16501,00385480165013,GS1,JFP; CGA; CDS; NDW; JFL; CEM; JGS; CGZ,NOVA 4/10/12 AIR DETECTOR,In Commercial Distribution,true,2016-09-20,NOVA BIOMEDICAL CORPORATION
Nova,1,6856,00385480068567,GS1,CHL; JGS,NOVA Na/pH CONDITIONING SOLUTION,In Commercial Distribution,false,2016-09-16,NOVA BIOMEDICAL CORPORATION
STAT PROFILE,PHOX PLUS L,33871,00385480338714,GS1,CGA,STAT PROFILE pHOx PLUS L GLUCOSE MEMBRANE KIT: REFRIGERATE,In Commercial Distribution,true,2016-09-16,NOVA BIOMEDICAL CORPORATION
STAT PROFILE,phox Ultra/CCX,48595,00385480485951,GS1,CGL,Stat Profile pHOx Ultra/CCX Creatinine Sensor,In Commercial Distribution,true,2016-09-20,NOVA BIOMEDICAL CORPORATION
STAT PROFILE,PHOX,34655,00385480346559,GS1,JPK; JKS; CHL; GKR; JIX; JPI,"STAT PROFILE pHOx REFERENCE TUBING REPLACEMENT, INTERNAL",In Commercial Distribution,false,2016-09-20,NOVA BIOMEDICAL CORPORATION
Stat Profile,Prime ES Comp Plus,62642,10385480626429,GS1,CHL,ES Comp Plus w/ Scanner,In Commercial Distribution,false,2020-02-03,NOVA BIOMEDICAL CORPORATION
Nova Max,Plus,45824,10385480458242,GS1,NBW; JJX; JIN; CGA,Nova Max Plus Blood Glucose Monitoring System,In Commercial Distribution,false,2016-09-20,NOVA BIOMEDICAL CORPORATION
STAT PROFILE,CCX,36259,00385480362597,GS1,JPI; JJS; JFP; CFA; GHS; KHP; CEM; CDS; CGA; JKS; CGZ; CHL; JGS; JIX; CGL; JPK; GKR,STAT PROFILE CCX S LINE REPLACEMENT,In Commercial Distribution,false,2016-09-20,NOVA BIOMEDICAL CORPORATION
Nova,Nova,38883,00385489388833,GS1,LXG,Syringe Clot Catcher,In Commercial Distribution,true,2022-12-07,NOVA BIOMEDICAL CORPORATION
STAT PROFILE,PLUS/L/C,27812,10385480278123,GS1,CGZ,STAT PROFILE pHOx PLUS/L/C CHLORIDE SENSOR,In Commercial Distribution,true,2016-09-20,NOVA BIOMEDICAL CORPORATION
Stat Profile,Prime ES Plus,62343,10385480623435,GS1,CHL,Prime ES Plus W/ Tray & Scanner,In Commercial Distribution,false,2020-02-03,NOVA BIOMEDICAL CORPORATION
STAT PROFILE,CCX CO-OX,42795,00385480427951,GS1,CIG; JIT; JJY,"D,E, LINE REPLACEMENT TUBING TITANIUM TI STP CCX COOX",In Commercial Distribution,false,2016-09-20,NOVA BIOMEDICAL CORPORATION
STAT PROFILE,PHOX ULTRA/CCX,48833,00385480488334,GS1,JIX,Stat Profile pHOx Ultra/CCX Calibrator Cartride 2,In Commercial Distribution,false,2016-09-20,NOVA BIOMEDICAL CORPORATION
NOVA,10,14618,00385480146180,GS1,JFP; NDW; CGZ; JGS; CEM,NOVA 10 TUBING HARNESS WITH DILUTOR,In Commercial Distribution,false,2016-09-16,NOVA BIOMEDICAL CORPORATION
STAT PROFILE,PRIME CCS,53467,00385480534673,GS1,JIX,Prime Calibrator Cartridge CCS 500 Sample,In Commercial Distribution,false,2016-09-20,NOVA BIOMEDICAL CORPORATION
STAT PROFILE,phox ultra/ccx,49187,00385480491877,GS1,JJY,"Stat Profile pHOx Ultra/CCX Control CO-Ox Tri Level L7, 8 ,9 (amps)",In Commercial Distribution,true,2016-09-16,NOVA BIOMEDICAL CORPORATION
NOVA,12/14,8796,10385480087961,GS1,CDS,NOVA 12/14 BUN MEMBRANE KIT,In Commercial Distribution,true,2016-09-20,NOVA BIOMEDICAL CORPORATION
STAT PROFILE,CCX CO-OX,36455,00385480364553,GS1,JFP; JGS; CDS; CGZ; GHS; CFA; JPK; JPI; CGL; JJS; KHP; CGA; JKS; CHL; CEM; JIX; GKR,CO-OX TUBING ASSY STP CCX,In Commercial Distribution,false,2016-09-16,NOVA BIOMEDICAL CORPORATION
STAT PROFILE,PRIME CCS,52863,00385480528634,GS1,JIX,Prime Calibrator Cartridge CCS 300 Sample,In Commercial Distribution,false,2016-09-20,NOVA BIOMEDICAL CORPORATION
Nova Primary,Nova Primary Calibrator Cartridge 150 Sample,63167,00385480631679,GS1,CGA,Nova Primary Calibrator Cartridge 150 Sample,In Commercial Distribution,false,2023-02-09,NOVA BIOMEDICAL CORPORATION
NOVA,STATSTRIP LAC,47554,00385480475549,GS1,JJX,"Nova StatStrip LAC Control, Level 2",In Commercial Distribution,false,2016-09-16,NOVA BIOMEDICAL CORPORATION
STAT PROFILE,CCX,37168,00385480371681,GS1,JIX,STAT PROFILE CCX CALIBRATOR CARTRIDGE 4 WITH CREATININE,In Commercial Distribution,false,2016-09-16,NOVA BIOMEDICAL CORPORATION
STATSTRIP,1.75,53398,00385480533980,GS1,PZI,Statstrip Glucose Meter with Battery and Quick Reference Guide,In Commercial Distribution,false,2016-09-20,NOVA BIOMEDICAL CORPORATION
STAT PROFILE,PHOX,28000,00385480280006,GS1,GLY,STAT PROFILE pHOx CO-OXIMETER SAMPLE LINE ASSEMBLY,In Commercial Distribution,false,2016-09-20,NOVA BIOMEDICAL CORPORATION
Stat Profile,pHOx Ultra/CCX,48566,00385480485661,GS1,JJB; JGS; CGL; GHS; GLY; CGA; JFP; CDS; BXX; GGZ; GJC; CEM; CGZ; CFA; NGD; CHL; JIX; GKK,Stat Profile pHOx Ultra/CCX Preheater Assembly,In Commercial Distribution,false,2016-09-20,NOVA BIOMEDICAL CORPORATION
STAT PROFILE,PRIME,52582,00385480525824,GS1,CHL; JIX; CEM; KHP; CGZ; JGS; CGA; JFP; GKF; JJS,Prime Probe S Line 100 ul,In Commercial Distribution,false,2016-09-20,NOVA BIOMEDICAL CORPORATION
STAT PROFILE,PRIME ABG,53665,00385480536653,GS1,CHL; JJS; JJX,Remanufactured Prime ABG w/ Scanner Analyzer,In Commercial Distribution,false,2017-07-06,NOVA BIOMEDICAL CORPORATION
NOVA,12/14/16,13142,00385480131421,GS1,CGL; CGZ; CEM; CGA; JGS; JFL; CDS; JPI,NOVA 12/14/16 S LINE,In Commercial Distribution,false,2016-09-16,NOVA BIOMEDICAL CORPORATION
StatStrip/StatSensor,1.0,50436,00385480504362,GS1,CGA,"Statstrip StatSensor Replacement Battery, 5 pack",In Commercial Distribution,false,2016-09-20,NOVA BIOMEDICAL CORPORATION
Nova,SUREFLEX,49960,10385480499603,GS1,NBW,Nova Sureflex Lancing Device,In Commercial Distribution,false,2016-09-20,NOVA BIOMEDICAL CORPORATION
Stat Profile,Prime ES Comp Plus,62644,10385480626443,GS1,CHL,Remanufactured Prime ES Comp Plus w/ Tray,In Commercial Distribution,false,2020-02-03,NOVA BIOMEDICAL CORPORATION
STAT PROFILE,PHOX ULTRA/CCX,48922,00385480489225,GS1,JJY,Stat Profile pHOx Ultra/CCX CO-Oximeter Controls Auto-Cartridge 9/Day,In Commercial Distribution,false,2016-09-20,NOVA BIOMEDICAL CORPORATION
Stat Profile,Prime Plus,64604,10385480646045,GS1,CGA; JGS; GGZ; CHL,Stat Profile Prime Plus MicroSensor Card™ 100,In Commercial Distribution,false,2022-06-06,NOVA BIOMEDICAL CORPORATION
Stat Profile,Prime Plus,57832,00385480578325,GS1,CHL,Stat Profile Prime Plus Calibrator Cartridge 200 Sample with Creat / BUN,In Commercial Distribution,false,2018-11-09,NOVA BIOMEDICAL CORPORATION
NOVA,Co-Ox,18100,00385480181006,GS1,JJY,Nova CO-Oximeter Calibrator tHb Control,In Commercial Distribution,true,2016-09-24,NOVA BIOMEDICAL CORPORATION
Nova,Nova,38846,00385489388468,GS1,LXG,Nova Biomedical® Capillary Tube Clot Catcher,In Commercial Distribution,true,2022-12-07,NOVA BIOMEDICAL CORPORATION
STAT PROFILE,phox Ultra/CCX,48558,00385480485586,GS1,JGS; GGZ; CEM; CGA; CHL; GHS; CGL; JFP; BXX; GLY; CDS; JJB; GJC; CGZ; CFA; JIX; GKK,Stat Profile pHOx Ultra/CCX Sensor Blank,In Commercial Distribution,true,2016-09-20,NOVA BIOMEDICAL CORPORATION
NOVA,1,23131,00385480231312,GS1,CHL,PO2 INTERNAL FILLING SOLUTION,In Commercial Distribution,false,2016-09-16,NOVA BIOMEDICAL CORPORATION
STAT PROFILE,PHOX PLUS L,34717,10385480347171,GS1,GJS; CEM; JFP; CGZ; JPK; GKR; JIX; CHL; KHP; JPI; JKS,Remanufactured Stat Profile pHOx Plus L Analyzer,In Commercial Distribution,false,2016-09-20,NOVA BIOMEDICAL CORPORATION
NOVA,16,21588,10385480215883,GS1,JFL,NOVA 16 TCO2 MEMBRANE CAPS,In Commercial Distribution,true,2016-09-20,NOVA BIOMEDICAL CORPORATION
STAT PROFILE,PHOX/BASIC,23936,00385480239363,GS1,JIX,STAT PROFILE PHOX/BASIC CALIBRATOR CARTRIDGE C,In Commercial Distribution,false,2016-09-20,NOVA BIOMEDICAL CORPORATION
STAT PROFILE,phox ultra/ccx,48935,00385480489355,GS1,JJY,"Stat Profile pHOx Ultra/CCX Blood Gas Controls Multipack L1, 2, 3 (Amps)",In Commercial Distribution,true,2016-09-16,NOVA BIOMEDICAL CORPORATION
Stat Profile,Prime ES Comp Plus,62351,10385480623510,GS1,CHL,Prime ES Comp Plus W/ Scanner,In Commercial Distribution,false,2020-02-03,NOVA BIOMEDICAL CORPORATION
Stat Profile,Prime ES Plus,62338,10385480623381,GS1,CHL,Prime ES Plus,In Commercial Distribution,false,2020-02-03,NOVA BIOMEDICAL CORPORATION
Stat Profile,CCX,36786,00385480367868,GS1,JJS; CGL; CFA; JPI; KHP; JGS; JPK; JFP; GKR; CDS; CEM; CGZ; JKS; CHL; GHS; JIX; CGA,STAT PROFILE CRITICAL CARE XPRESS FLUSH FIXTURE,In Commercial Distribution,false,2016-09-20,NOVA BIOMEDICAL CORPORATION
STAT PROFILE,ULTRA/CCX,48579,00385480485791,GS1,JGS,Stat Profile pHOx Ultra/CCX Sodium Sensor,In Commercial Distribution,true,2016-09-20,NOVA BIOMEDICAL CORPORATION
Stat Profile,Prime Plus,57454,00385480574549,GS1,GGZ; JGS; CHL; CGA,Control Flush Fixture,In Commercial Distribution,false,2022-12-08,NOVA BIOMEDICAL CORPORATION
STAT PROFILE,PRIME CCS COMP,53657,00385480536578,GS1,JJS; CEM; JFP; CHL; KHP; JIX; JGS; CGZ; CGA; GKF,Prime CCS Comp w/ Scanner Analyzer,In Commercial Distribution,false,2017-07-06,NOVA BIOMEDICAL CORPORATION
STAT PROFILE,PHOX ULTRA W/R,48561,00385480485616,GS1,GJC; GGZ; GKK; CGA; GLY; CDS; CGZ; NGD; CGL; GHS; CFA; CHL; BXX; JIX; CEM; JFP; JJB; JGS,STAT PROFILE PHOX ULTRA W/R TUBING HARNESS,In Commercial Distribution,false,2016-09-20,NOVA BIOMEDICAL CORPORATION
Stat Profile,Prime Plus,57845,00385480578455,GS1,CHL,"Stat Profile Prime Plus Ampuled Controls Chemistry Levels 4,5",In Commercial Distribution,true,2018-11-09,NOVA BIOMEDICAL CORPORATION
Stat Profile,pHOx Plus C,37343,00385480373432,GS1,JPK; CGA; JIX; CGZ; JPI; JGS; CEM; CHL; GKR; JEP; JKS,STAT PROFILE pHOx PLUS C SENSOR MODULE,In Commercial Distribution,false,2016-09-20,NOVA BIOMEDICAL CORPORATION
STAT PROFILE,M/2/3,23123,00385480231237,GS1,CHL,STAT PROFILE M/2/3 PCO2 FILLING SOLUTION,In Commercial Distribution,false,2016-09-20,NOVA BIOMEDICAL CORPORATION
StatSensor/StatStrip,1.0,51996,10385480519967,GS1,CGL; KHP; CGA,Statsensor Statstrip Docking Station 4 position,In Commercial Distribution,false,2016-09-20,NOVA BIOMEDICAL CORPORATION
Stat Profile,Prime,64251,10385480642511,GS1,CHL,Prime Sensor Card CCS Comp 100,In Commercial Distribution,false,2022-06-06,NOVA BIOMEDICAL CORPORATION
STAT PROFILE,PRIME ABG,52855,00385480528559,GS1,JJX; JJS; CHL,Prime ABG w/ Scanner Analyzer,In Commercial Distribution,false,2017-07-06,NOVA BIOMEDICAL CORPORATION
NOVA,16,17511,00385480175111,GS1,CDS,NOVA 16 BUN SENSOR,In Commercial Distribution,true,2016-09-16,NOVA BIOMEDICAL CORPORATION
NOVA,4/12/2016,13194,00385480131940,GS1,JIX; JFP; CDS; JGS; JJY; CEM; NDW; JFL; CGZ; CGA,NOVA 4/12 W/R/H PUMP TUBING,In Commercial Distribution,false,2016-09-20,NOVA BIOMEDICAL CORPORATION
Nova,Nova,63412,00385480634120,GS1,LXG,Sample Cups: 0.5 ml x 1000,In Commercial Distribution,true,2022-12-07,NOVA BIOMEDICAL CORPORATION
Stat Profile,Prime Plus,57842,00385480578424,GS1,CHL,Stat Profile Prime Plus Auto QC Cartridge 210 Sample with Creat / BUN,In Commercial Distribution,false,2018-11-09,NOVA BIOMEDICAL CORPORATION
Stat Profile,Prime ES,53110,00385480531108,GS1,CHL,Prime Ampuled Control ES,In Commercial Distribution,true,2020-02-03,NOVA BIOMEDICAL CORPORATION
Stat Profile,Prime ES Plus,62230,00385480622301,GS1,CHL,Prime Calibrator Cartridge ES Plus 600 Sample,In Commercial Distribution,false,2020-02-03,NOVA BIOMEDICAL CORPORATION
Nova,1,99,00385480000994,GS1,CGZ,Cl- INTERNAL FILLING SOLUTION,In Commercial Distribution,false,2016-09-16,NOVA BIOMEDICAL CORPORATION
STAT PROFILE,1,11802,00385480118026,GS1,JIX; CDS; CHL; CGZ; JGS; JFP; JKS; JPI; KHP; JJY; CFA; CEM,STAT PROFILE PREHEATER CLEANING AGENT,In Commercial Distribution,false,2016-09-22,NOVA BIOMEDICAL CORPORATION
STAT PROFILE,phox/basic,22763,00385480227636,GS1,JJY,"STAT PROFILE pHOx/BASIC CONTROL 1,2,3",In Commercial Distribution,true,2016-09-20,NOVA BIOMEDICAL CORPORATION
Stat Profile,Prime Plus,57834,00385480578349,GS1,CHL,Stat Profile Prime Plus Calibrator Cartridge 400 Sample with Creat / BUN,In Commercial Distribution,false,2018-11-09,NOVA BIOMEDICAL CORPORATION
STAT PROFILE,PHOX,25055,00385480250559,GS1,GLY,STAT PROFILE pHOx CO-OXIMETER REAGENT CARTRIDGE,In Commercial Distribution,false,2016-09-20,NOVA BIOMEDICAL CORPORATION
NOVA,10,13198,00385480131988,GS1,NDW; CGZ; JGS; JFP; CEM,NOVA 10 W/R PUMP TUBE WITHOUT DILUTOR,In Commercial Distribution,false,2016-09-16,NOVA BIOMEDICAL CORPORATION
STAT PROFILE,PHOX ULTRA S,48568,00385480485685,GS1,CGZ; GHS; BXX; NGD; CHL; JJB; JIX; GGZ; CGL; CGA; CFA; GLY; JFP; CDS; GKK; JGS; CEM; GJC,STAT PROFILE PHOX ULTRA S LINE REPLACEMENT,In Commercial Distribution,false,2016-09-20,NOVA BIOMEDICAL CORPORATION
NOVA,4/10,14178,00385480141789,GS1,JFL; CEM; JGS; JFP; NDW; CGZ,NOVA 4/10 S LINE,In Commercial Distribution,false,2016-09-16,NOVA BIOMEDICAL CORPORATION
STAT PROFILE,PHOX ULTRA/CCX,48835,00385480488358,GS1,JIX,Stat Profile pHOx Ultra/CCX Calibrator Cartride 4 With Creatinine,In Commercial Distribution,false,2016-09-20,NOVA BIOMEDICAL CORPORATION
STAT PROFILE,1,6554,00385480065542,GS1,CHL,PO2 INTERNAL FILLING SOLUTION,In Commercial Distribution,false,2016-09-16,NOVA BIOMEDICAL CORPORATION
NOVA,10,15279,10385480152799,GS1,JFP,NOVA 10 TOTAL CALCIUM SENSOR,In Commercial Distribution,true,2016-09-20,NOVA BIOMEDICAL CORPORATION
STAT PROFILE,PHOX/BASIC/BIOPHOX,49847,00385480498470,GS1,JPI; JIX; CHL; JKS; JPK; GKR,Stat Profile pHOx/Basic/BiopHOx W/R Pump Tubing Kit,In Commercial Distribution,false,2016-09-20,NOVA BIOMEDICAL CORPORATION
NOVA,1,13294,00385480132947,GS1,CFA,Mg+ INTERNAL FILING SOLUTION,In Commercial Distribution,false,2016-09-16,NOVA BIOMEDICAL CORPORATION
STAT PROFILE,PLUS/L/C,27810,00385480278102,GS1,JGS,STAT PROFILE pHOx PLUS/L/C/M SODIUM SENSOR,In Commercial Distribution,true,2016-09-20,NOVA BIOMEDICAL CORPORATION
STAT PROFILE,CCX,36461,00385480364614,GS1,JGS; CGL; CDS; JIX; CFA; KHP; JPK; GKR; CHL; CGA; JJS; GHS; JKS; CGZ; JPI; CEM; JFP,"TUBING ASSEMBLY L4, L5, L6 STP CCX",In Commercial Distribution,false,2016-09-16,NOVA BIOMEDICAL CORPORATION
Stat Profile,Prime Plus,57833,00385480578332,GS1,CHL,Stat Profile Prime Plus Calibrator Cartridge 300 Sample with Creat / BUN,In Commercial Distribution,false,2018-11-09,NOVA BIOMEDICAL CORPORATION
STAT PROFILE,PHOX PLUS C,35536,10385480355367,GS1,GKR; JIX; JPI; JEP; CEM; JKS; CGZ; CGA; CHL; JPK; JGS,Stat Profile pHOx Plus C Analyzer,In Commercial Distribution,false,2016-09-20,NOVA BIOMEDICAL CORPORATION
STAT PROFILE,PHOX PLUS L,34086,00385480340861,GS1,JIX,STAT PROFILE pHOx PLUS L CALIBRATOR CARTRIDGE B,In Commercial Distribution,false,2016-09-20,NOVA BIOMEDICAL CORPORATION
Stat Profile,CCX,37959,00385480379595,GS1,CGZ; KHP; JGS; CEM; JIX; JPK; GKR; GHS; CGA; CDS; JFP; JPI; CHL; CGL; JKS; JJS; CFA,Stat Profile CCX Reference Sensor,In Commercial Distribution,false,2016-09-20,NOVA BIOMEDICAL CORPORATION
Nova Primary,Nova Primary Linearity Level 2,63166,00385480631662,GS1,CGA,Nova Primary Linearity Level 2,In Commercial Distribution,true,2023-02-24,NOVA BIOMEDICAL CORPORATION
STAT PROFILE,PHOX ULTRA/CCX,48834,00385480488341,GS1,JIX,Stat Profile pHOx Ultra/CCX Calibrator Cartride 1,In Commercial Distribution,false,2016-09-20,NOVA BIOMEDICAL CORPORATION
NOVA,STATSTRIP XPRESS GLU,41741,00385480417419,GS1,JJX,StatStrip StatStrip Xpress GLU Control Level 1,In Commercial Distribution,false,2016-09-20,NOVA BIOMEDICAL CORPORATION
STAT PROFILE,PRIME CCS COMP,53420,00385480534208,GS1,CGA; CHL; JJS; CEM; GKF; KHP; JFP; JIX; CGZ; JGS,Remanufactured PRIME CCS Comp Analyzer,In Commercial Distribution,false,2017-07-06,NOVA BIOMEDICAL CORPORATION
Stat Profile,Prime Plus,57828,00385480578288,GS1,CHL,Stat Profile Prime Plus Calibrator Cartridge 400 Sample,In Commercial Distribution,false,2018-11-09,NOVA BIOMEDICAL CORPORATION
STAT PROFILE,PHOX,56198,00385480561983,GS1,JJY,Linearity Standard Set G Multipack,In Commercial Distribution,false,2016-09-20,NOVA BIOMEDICAL CORPORATION
NOVA,14,14609,00385480146098,GS1,JIX,"NOVA 14 Na+, K+, Cl-, Glu, BUN, Hct",In Commercial Distribution,false,2016-09-20,NOVA BIOMEDICAL CORPORATION
Stat Profile,Prime ES Plus,62228,00385480622288,GS1,CHL,Prime Calibrator Cartridge ES Plus 400 Sample,In Commercial Distribution,false,2020-02-03,NOVA BIOMEDICAL CORPORATION
NOVA,F,41274,00385480412742,GS1,JJY,LINEARITY STANDARD SET F,In Commercial Distribution,true,2016-09-20,NOVA BIOMEDICAL CORPORATION
STATSENSOR,1.0,52800,20385480528003,GS1,CGL,StatSensor Creat Test Strips,In Commercial Distribution,true,2016-09-20,NOVA BIOMEDICAL CORPORATION
STAT PROFILE,PHOX ULTRA/CCX,48836,00385480488365,GS1,JIX,Stat Profile pHOx Ultra/CCX Calibrator Cartride 1 With Creatinine,In Commercial Distribution,false,2016-09-20,NOVA BIOMEDICAL CORPORATION
STAT PROFILE,CCX,38281,00385480382816,GS1,JJY,"STAT PROFILE CRITICAL CARE XPRESS CONTROL 7,8,9",In Commercial Distribution,true,2016-09-16,NOVA BIOMEDICAL CORPORATION
STAT PROFILE,PHOX PLUS C,38025,10385480380253,GS1,JPK; JPI; JKS; CGZ; JIX; CGA; JGS; CEM; JEP; CHL; GKR,Remanufactured Stat Profile pHOx Plus C Analyzer,In Commercial Distribution,false,2016-09-20,NOVA BIOMEDICAL CORPORATION
Stat Profile,PRIME,52427,00385480524278,GS1,JIX,Prime Calibrator Cartridge CCS Comp 300 Sample,In Commercial Distribution,false,2016-09-16,NOVA BIOMEDICAL CORPORATION
STAT PROFILE,ULTRA/CCX,48599,10385480485996,GS1,CHL,Stat Profile Ultra/CCX PO2 Mebrane Cap Kit,In Commercial Distribution,true,2016-09-20,NOVA BIOMEDICAL CORPORATION
StatSensor/StatStrip,1.75,53439,10385480534397,GS1,CGL; KHP; CGA,StatStrip StatSensor Wireless Carrying Case for Meter and Supplies,In Commercial Distribution,false,2016-09-20,NOVA BIOMEDICAL CORPORATION
NOVA,5,14156,10385480141564,GS1,CGZ; CEM; JPI; JGS,NOVA 5/5+ Analyzer w/  Printer( No Acc Pack),In Commercial Distribution,false,2016-09-20,NOVA BIOMEDICAL CORPORATION
STAT PROFILE,CCX,36459,00385480364591,GS1,CGA; CEM; CFA; JGS; CHL; JKS; JIX; CGL; KHP; CGZ; GKR; CDS; JPK; JFP; JPI; JJS; GHS,"TUBING ASSEMBLIES L1, L2, L3 STP CCX",In Commercial Distribution,false,2016-09-20,NOVA BIOMEDICAL CORPORATION
NOVA MAX,GLU,43437,20385480434373,GS1,NBW; CGA,Nova Max Glucose Test Strips,In Commercial Distribution,true,2016-09-20,NOVA BIOMEDICAL CORPORATION
StatSensor/StatStrip,1.75,54419,10385480544198,GS1,KHP; CGL; CGA,StatStrip StatSensor Remanufactured Wireless Carrying Case for Meter and Supplies,In Commercial Distribution,false,2016-09-20,NOVA BIOMEDICAL CORPORATION
NOVA MAX,Plus,49640,00385480496407,GS1,JJY,Nova Max Plus Glu/Ket Control Solution - Mid,In Commercial Distribution,true,2016-09-20,NOVA BIOMEDICAL CORPORATION
Stat Profile,Prime Plus,57835,00385480578356,GS1,CHL,Stat Profile Prime Plus Calibrator Cartridge 500 Sample with Creat / BUN,In Commercial Distribution,false,2018-11-09,NOVA BIOMEDICAL CORPORATION
STAT PROFILE,PRIME ABG,53655,00385480536554,GS1,CHL; JJX; JJS,Prime ABG w/ Scanner Analyzer,In Commercial Distribution,false,2017-07-06,NOVA BIOMEDICAL CORPORATION
Nova,A,14071,00385480140713,GS1,JJY,LINEARITY STANDARD SET A,In Commercial Distribution,false,2016-09-16,NOVA BIOMEDICAL CORPORATION
Nova,16,53985,10385480539859,GS1,JIX; CGA; CEM; JPK; JPI; JFL; CDS; CGL; CGZ,Nova 16/16+ Analyzer w/ Ptr / Dilutor,In Commercial Distribution,false,2016-09-20,NOVA BIOMEDICAL CORPORATION
Stat Profile,PRIME,52865,00385480528658,GS1,CGZ; KHP; CHL; JIX; JJS; CEM; JGS; CGA; GKF; JFP,Stat Profile Prime Calibrator Flush Fixture,In Commercial Distribution,false,2016-09-20,NOVA BIOMEDICAL CORPORATION
STAT PROFILE,phox Ultra/CCX,48580,00385480485807,GS1,CHL,Stat Profile Ultra/CCX pH Sensor,In Commercial Distribution,true,2016-09-20,NOVA BIOMEDICAL CORPORATION
STAT PROFILE,PRIME CCS COMP,53667,00385480536677,GS1,CEM; JJS; GKF; CGA; JIX; CHL; KHP; JGS; CGZ; JFP,Remanufactured Prime CCS Comp w/ Scanner Analyzer,In Commercial Distribution,false,2017-07-06,NOVA BIOMEDICAL CORPORATION
Nova,Nova,48590,00385489485907,GS1,LXG,Syringe Clot Catcher,In Commercial Distribution,true,2022-12-07,NOVA BIOMEDICAL CORPORATION
StatSensor/StatStrip,1.0,51756,10385480517567,GS1,CGA; KHP; CGL,StatSensor StatStrip Docking Station Remanufactured,In Commercial Distribution,false,2016-09-20,NOVA BIOMEDICAL CORPORATION
STAT PROFILE,PLUS/L/C,27813,00385480278133,GS1,JFP,STAT PROFILE pHOx PLUS/L/C CALCIUM SENSOR,In Commercial Distribution,true,2016-09-16,NOVA BIOMEDICAL CORPORATION
StatSensor/StatStrip,1.0,48629,10385480486290,GS1,CGA; CGL; KHP,StatSensor StatStrip Docking Station for Wireless Carrying Case,In Commercial Distribution,false,2016-09-20,NOVA BIOMEDICAL CORPORATION
STAT PROFILE,PHOX ULTRA/CCX,48906,00385480489065,GS1,JJY,Stat Profile pHOx Ultra/CCX Chemistry Controls Auto-Cartridge 4/Day,In Commercial Distribution,false,2016-09-20,NOVA BIOMEDICAL CORPORATION
STAT PROFILE,PHOX/BASIC/PLUS/L/C,21524,00385480215244,GS1,CHL,STAT PROFILE pHOx /BASIC/PLUS/L/C PCO2 SENSOR,In Commercial Distribution,true,2016-09-16,NOVA BIOMEDICAL CORPORATION
STAT PROFILE,pHOx,21520,00385480215206,GS1,JPI; GKR; CHL; JPK; JKS; JIX,STAT PROFILE pHOx REFERENCE SENSOR,In Commercial Distribution,true,2016-09-20,NOVA BIOMEDICAL CORPORATION
NOVA,8,53992,10385480539927,GS1,CEM; JPI; CFA; CHL; JGS; JFP,Nova 8/8+ Analyzer w/  Printer /Primary Tube Dilutor,In Commercial Distribution,false,2016-09-20,NOVA BIOMEDICAL CORPORATION
Nova Primary,"Nova Primary Ampuled Control 1, 2",63164,00385480631648,GS1,CGA,"Nova Primary Ampuled Control 1, 2",In Commercial Distribution,true,2023-02-24,NOVA BIOMEDICAL CORPORATION
STAT PROFILE,PHOX ULTRA CO OX,42017,10385480420171,GS1,CGA; NGD; GJC; JJB; CGZ; JIX; GLY; JFP; GGZ; CFA; BXX; CDS; CGL; GHS; JGS; CHL; CEM; GKK,Remanufactured Stat Profile pHOx Ultra CO-Oximeter Analyzer,In Commercial Distribution,false,2016-09-20,NOVA BIOMEDICAL CORPORATION
STAT PROFILE,PHOX ULTRA CO OX,42013,10385480420133,GS1,NGD; CGL; CHL; GHS; GKK; GJC; CEM; JIX; JFP; CFA; JJB; CGA; GLY; JGS; GGZ; CGZ; CDS; BXX,Stat Profile pHOx Ultra Co-Oximeter Analyzer,In Commercial Distribution,false,2016-09-20,NOVA BIOMEDICAL CORPORATION
Stat Profile,Prime Plus,57823,00385480578233,GS1,CHL,Stat Profile Prime Plus Reference Cartridge,In Commercial Distribution,false,2018-11-09,NOVA BIOMEDICAL CORPORATION
NOVA,16,16483,10385480164839,GS1,CGA,NOVA 16 GLUCOSE MEMBRANE KIT: REFRIGERATE,In Commercial Distribution,true,2016-09-19,NOVA BIOMEDICAL CORPORATION
NOVA,STATSTRIP LAC,47486,20385480474867,GS1,KHP,Nova StatStrip LAC Test Strips,In Commercial Distribution,true,2016-09-20,NOVA BIOMEDICAL CORPORATION
Stat Profile,Prime Plus,57826,00385480578264,GS1,CHL,Stat Profile Prime Plus Calibrator Cartridge 200 Sample,In Commercial Distribution,false,2018-11-09,NOVA BIOMEDICAL CORPORATION
NOVA,1/5/8/11/13/14,13049,00385480130493,GS1,JPI,NOVA 1/5/8/11/13/14 HEMATOCRIT SENSOR,In Commercial Distribution,true,2016-09-20,NOVA BIOMEDICAL CORPORATION
STAT PROFILE,PHOX PLUS L,34093,00385480340939,GS1,JJY,"Stat Profile pHOx Plus L Controls Auto-Cartridge, 110",In Commercial Distribution,false,2016-09-20,NOVA BIOMEDICAL CORPORATION
STAT PROFILE,pHOx/BASIC,21513,00385480215138,GS1,JPK; JIX; CHL; GKR; JKS; JPI,STAT PROFILE pHOx/BASIC AIR DETECTOR,In Commercial Distribution,true,2016-09-20,NOVA BIOMEDICAL CORPORATION
Stat Profile,Prime ABG/CCS,52617,00385480526173,GS1,CGA; KHP; JFP; GKF; CHL; CEM; JGS; JIX; CGZ; JJS,Prime Tubing L1 L2 L3,In Commercial Distribution,false,2016-09-20,NOVA BIOMEDICAL CORPORATION
STAT PROFILE,PHOX ULTRA,48564,00385480485647,GS1,GHS; GLY; CFA; JGS; CGA; CHL; CGZ; GJC; JFP; BXX; CDS; CGL; NGD; CEM; JIX; JJB; GGZ; GKK,STAT PROFILE pHOx ULTRA HEMOLYZER TUBING HARNESS,In Commercial Distribution,false,2016-09-20,NOVA BIOMEDICAL CORPORATION
Stat Profile,Prime Plus,57844,00385480578448,GS1,CHL,"Stat Profile Prime Plus Ampuled Controls BG, COOX Levels 1, 2, 3",In Commercial Distribution,true,2018-11-09,NOVA BIOMEDICAL CORPORATION
STAT PROFILE,PHOX PLUS L,34092,00385480340922,GS1,JJY,"Stat Profile pHOx Plus L Controls Auto-Cartridge, 220",In Commercial Distribution,false,2016-09-20,NOVA BIOMEDICAL CORPORATION
STAT PROFILE,ULTRA/CCX,48597,00385480485975,GS1,CGL,Stat Profile pHOx Ultra/CCX Creatinine Membrane Kit,In Commercial Distribution,true,2016-09-20,NOVA BIOMEDICAL CORPORATION
Nova,1,101,00385480001014,GS1,JFL,TCO2Internal Filling Solution,In Commercial Distribution,false,2016-09-16,NOVA BIOMEDICAL CORPORATION
Stat Profile,Prime Plus,58379,10385480583791,GS1,CHL,Stat Profile Prime Plus MicroSensor Card™ BLANK,In Commercial Distribution,false,2018-11-09,NOVA BIOMEDICAL CORPORATION
STAT PROFILE,PRIME ABG,53463,00385480534635,GS1,JIX,Prime Calibrator Cartridge ABG 400 Sample,In Commercial Distribution,false,2016-09-20,NOVA BIOMEDICAL CORPORATION
STAT PROFILE,phox Ultra/CCX,48594,00385480485944,GS1,CFA; CEM; CDS; CGL; GLY; BXX; GJC; JJB; JFP; NGD; GGZ; CGZ; CGA; JIX; GKK; JGS; GHS; CHL,Stat Profile pHox Ultra/CCX ISE Sensor Blank,In Commercial Distribution,true,2016-09-20,NOVA BIOMEDICAL CORPORATION
NOVA,5,53989,10385480539897,GS1,CEM; JGS; CGZ; JPI,Nova 5/5+ Analyzer w/ Printer,In Commercial Distribution,false,2016-09-20,NOVA BIOMEDICAL CORPORATION
NOVA,1/5/11/13,16729,00385480167291,GS1,CEM; JPI; JGS; NDW; CGZ,NOVA 1/5/11/13 TUBING HARNESS WITH DILUTOR,In Commercial Distribution,false,2017-04-24,NOVA BIOMEDICAL CORPORATION
STAT PROFILE,pHOx/BASIC/PLUS/L/C,23023,00385480230230,GS1,JFP; CHL; GKR; CGZ; CEM; JGS; CFA; JPI; KHP; JKS; CGA,STAT PROFILE pHOx PLUS/L/C/M W/R Pump Tubing Assembly,In Commercial Distribution,false,2016-09-20,NOVA BIOMEDICAL CORPORATION
StatStrip,Statstrip,44375,00385480443753,GS1,CGA,CAPILLARY TUBES 5uL-50 COUNT HOSPITAL METER,In Commercial Distribution,true,2016-09-20,NOVA BIOMEDICAL CORPORATION
Stat Profile,Prime ES Comp Plus,62640,10385480626405,GS1,CHL,Remanufactured Prime ES Comp Plus,In Commercial Distribution,false,2020-02-03,NOVA BIOMEDICAL CORPORATION
Stat Profile,Prime Plus,57840,00385480578400,GS1,CHL,Stat Profile Prime Plus Auto QC Cartridge 480 Sample,In Commercial Distribution,false,2018-11-09,NOVA BIOMEDICAL CORPORATION
STAT PROFILE,PHOX PLUS,49848,00385480498487,GS1,CHL; JPI; GKR; JIX; GJS; JFP; CGZ; CEM; CGA,Stat Profile pHOx Plus Air Detector,In Commercial Distribution,false,2016-09-16,NOVA BIOMEDICAL CORPORATION
STATSENSOR,1.0,43922,00385480439220,GS1,JJX,StatSensor Creat Control Level 2,In Commercial Distribution,false,2016-09-20,NOVA BIOMEDICAL CORPORATION
STAT PROFILE,PLUS/L/C,27809,00385480278096,GS1,CGA,STAT PROFILE pHOx PLUS/L/C GLUCOSE SENSOR,In Commercial Distribution,true,2016-09-16,NOVA BIOMEDICAL CORPORATION
STAT PROFILE,PHOX ULTRA/CCX,48567,00385480485678,GS1,JGS; GKK; JJB; CDS; JFP; CGZ; GLY; GJC; GGZ; GHS; CGA; CEM; CGL; NGD; JIX; CHL; BXX; CFA,STAT PROFILE PHOX ULTRA/CCX CALIBRATOR TUBING,In Commercial Distribution,false,2016-09-20,NOVA BIOMEDICAL CORPORATION
NOVA,16,17514,00385480175142,GS1,CDS; CGZ; JPK; CGA; JPI; JIX; CEM; JFL; JJC; CGL,NOVA 16 REFERENCE SENSOR,In Commercial Distribution,true,2016-09-16,NOVA BIOMEDICAL CORPORATION
NOVA,14,14844,00385480148443,GS1,CEM; CGA; CDS; CGZ; JPI; JGS,NOVA 14 TUBING HARNESS: WITHOUT DILUTOR,In Commercial Distribution,false,2016-09-20,NOVA BIOMEDICAL CORPORATION
NOVA,1,15646,00385480156462,GS1,JIX,"NOVA 1 Na+, K+, HCt",In Commercial Distribution,false,2016-09-20,NOVA BIOMEDICAL CORPORATION
STAT PROFILE,PHOX/BASIC,23932,00385480239325,GS1,JJY,"STAT PROFILE PHOX/BASIC CONTROLS AUTO-CARTRIDGE,220",In Commercial Distribution,false,2016-09-20,NOVA BIOMEDICAL CORPORATION
STAT PROFILE,phox plus/c,27896,00385480278966,GS1,JJY,"STAT PROFILE pHOx PLUS/C CONTROL 1,2,3",In Commercial Distribution,true,2016-09-20,NOVA BIOMEDICAL CORPORATION
NOVA,1/4/5/8/10/11/12/13/14/16,14182,00385480141826,GS1,CFA; CDS; JGS; CGZ; NDW; JFL; CGA; CGL; CEM; JPI; JFP; JPK; JIX; JJC,Nova 1/4/5/8/10/11/12/13/14/16 Sensor Seal Kit,In Commercial Distribution,false,2016-09-20,NOVA BIOMEDICAL CORPORATION
Stat Profile,Prime Plus,61621,00385480616218,GS1,JGS; CHL; CGA; CGZ,Stat Profile Prime Plus® Flow Path Flush Tool,In Commercial Distribution,false,2022-12-07,NOVA BIOMEDICAL CORPORATION
Stat Profile,CCX CO-OX,38185,00385480381857,GS1,CGA; CFA; JIT; JGS; KHP; JJY; CDS; JFP; JPK; JKS; JPI; CGZ; CHL; CGL; JJS; GHS; CEM; JIX; CIG; GKR,STAT PROFILE CRITICAL CARE XPRESS CO-OXIMETER CUVETTE WASHER KIT,In Commercial Distribution,false,2016-09-20,NOVA BIOMEDICAL CORPORATION
Stat Profile,pHOx Ultra/CCX,48955,00385480489553,GS1,JFP; NGD; CFA; CGA; GHS; JGS; BXX; CGZ; CHL; GLY; CGL; GJC; JJB; CEM; GKK; CDS; GGZ; JIX,"TUBING ASSEMBLIES L4,L5,L6 STP PHOX ULTRA/CCX",In Commercial Distribution,false,2016-09-20,NOVA BIOMEDICAL CORPORATION
STAT PROFILE,phox/ccx,22771,00385480227711,GS1,JIX,STAT PROFILE pHOx / CCX SO2 Calibrators Multipack,In Commercial Distribution,true,2016-09-20,NOVA BIOMEDICAL CORPORATION
STAT PROFILE,PHOX PLUS C,41887,00385480418874,GS1,JIX,STAT PROFILE pHOx PLUS C CALIBRATOR CARTRIDGE A,In Commercial Distribution,false,2016-09-20,NOVA BIOMEDICAL CORPORATION
NOVA,16,17755,10385480177556,GS1,CGZ,NOVA 16 CHLORIDE SENSOR CAPS,In Commercial Distribution,true,2016-09-20,NOVA BIOMEDICAL CORPORATION
STAT PROFILE,PHOX/BASIC/BIOPHOX,49846,00385480498463,GS1,JPI; JKS; JPK; JIX; CHL; GKR,Stat Profile pHOx/Basic/BiopHOx W/R Pump Tubing Assembly,In Commercial Distribution,false,2016-09-16,NOVA BIOMEDICAL CORPORATION
STAT PROFILE,PRIME ABG,53421,00385480534215,GS1,JJS; JJX; CHL,Remanufactured PRIME ABG Analyzer,In Commercial Distribution,false,2017-07-06,NOVA BIOMEDICAL CORPORATION
STAT PROFILE,ULTRA/CCX,48552,00385480485524,GS1,CGA,Stat Profile Ultra/CCX Glucose Membrane Kit,In Commercial Distribution,true,2016-09-20,NOVA BIOMEDICAL CORPORATION
STAT PROFILE,ULTRA,11533,00385480115339,GS1,CEM; JFP; CGZ; CDS; JIX; KHP; JPI; JJY; JKS; JGS; CFA; CHL,STAT PROFILE/M/ULTRA CAPILLARY TUBE KIT: 250uL WITH Li HEPARIN,In Commercial Distribution,true,2016-09-16,NOVA BIOMEDICAL CORPORATION
STATSTRIP,1.75,53399,00385480533997,GS1,PZI,Statstrip Glucose Meter with Battery and Quick Reference Guide Remanufactured,In Commercial Distribution,false,2016-09-20,NOVA BIOMEDICAL CORPORATION
STATSTRIP,1.0,51707,10385480517079,GS1,CGA; JJX,StatStrip GLU Meter with Quick Reference Guide Remanufactured,In Commercial Distribution,false,2016-09-20,NOVA BIOMEDICAL CORPORATION
NOVA,16,17510,00385480175104,GS1,CGZ,NOVA 16 CHLORIDE SENSOR,In Commercial Distribution,true,2016-09-16,NOVA BIOMEDICAL CORPORATION
Stat Profile,Prime ES Comp Plus,62350,10385480623503,GS1,CHL,Prime ES Comp Plus,In Commercial Distribution,false,2020-02-03,NOVA BIOMEDICAL CORPORATION
Lactate Plus,Lactate Plus,40814,00385480408141,GS1,KHP,Lactate Plus LAC Control 2,In Commercial Distribution,false,2022-12-08,NOVA BIOMEDICAL CORPORATION
StatSensor/StatStrip,1.0,48630,10385480486306,GS1,KHP; CGL; CGA,StatSensor StatStrip Wireless Carrying Case for Meter and Supplies,In Commercial Distribution,false,2016-09-20,NOVA BIOMEDICAL CORPORATION
STAT PROFILE,PHOS PLUS/L/C,28953,00385480289535,GS1,JGS; JFP; JKS; CHL; GKR; JPI; CEM; CGZ; CGA,STAT PROFILE pHOx PLUS/L/C AIR DETECTOR,In Commercial Distribution,true,2016-09-20,NOVA BIOMEDICAL CORPORATION
NOVA,1-16,13524,00385480135245,GS1,JJY,LINEARITY STANDARD SET D,In Commercial Distribution,false,2016-09-20,NOVA BIOMEDICAL CORPORATION
STAT PROFILE,PHOX,21519,00385480215190,GS1,JIX; JPK; JPI; GKR; JKS; CHL,STAT PROFILE pHOx PROBE,In Commercial Distribution,false,2016-09-20,NOVA BIOMEDICAL CORPORATION
STAT PROFILE,PHOX ULTRA/CCX,48837,00385480488372,GS1,JIX,Stat Profile pHOx Ultra/CCX Calibrator Cartride 2 With Creatinine,In Commercial Distribution,false,2016-09-20,NOVA BIOMEDICAL CORPORATION
STAT PROFILE,ULTRA,9797,00385480097970,GS1,CHL,"STAT PROFILE/ULTRA PCO2, SEALING WASHERS",In Commercial Distribution,false,2017-12-19,NOVA BIOMEDICAL CORPORATION
NOVA,1,8161,00385480081610,GS1,JPI,NOVA/STAT PROFILE Hematocrit Controls,In Commercial Distribution,true,2016-09-16,NOVA BIOMEDICAL CORPORATION
NOVA,12,15650,00385480156509,GS1,JIX,"NOVA 12 Na+, K+, Cl-,  TCO2, Glu, BUN",In Commercial Distribution,false,2016-09-20,NOVA BIOMEDICAL CORPORATION
NOVA,CRT,14253,00385480142533,GS1,JJC; NDW; JPK; JIX; CEM; JPI; CFA; CGL; JFL; JFP; CGA; JGS; CDS; CGZ,Microsample Tube Kit 50 ul Nova CRT,In Commercial Distribution,true,2016-09-16,NOVA BIOMEDICAL CORPORATION
STAT PROFILE,PHOX ULTRA/CCX,48584,00385480485845,GS1,BXX; NGD; JFP; GLY; GKK; CGA; CHL; CDS; CEM; JIX; GGZ; GJC; CFA; JJB; GHS; JGS; CGZ; CGL,Stat Profile pHOx Ultra/CCX Replacement Gasket Kit Flow- Through Sensor,In Commercial Distribution,false,2016-09-20,NOVA BIOMEDICAL CORPORATION
STAT PROFILE,PRIME CCS,42032,10385480420324,GS1,CGZ; GKF; JGS; CHL; CGA; CEM; JIX; JJS; KHP; JFP,Prime Sensor Card CCS,In Commercial Distribution,false,2016-09-20,NOVA BIOMEDICAL CORPORATION
Stat Profile,Prime Plus,57831,00385480578318,GS1,CHL,Stat Profile Prime Plus Calibrator Cartridge 100 Sample with Creat / BUN,In Commercial Distribution,false,2018-11-09,NOVA BIOMEDICAL CORPORATION
STAT PROFILE,CCX CO-OX,40094,00385480400947,GS1,JIT; CIG; JJY,STAT PROFILE CCX CO-OX SPLITTER VALVE TUBING KIT,In Commercial Distribution,false,2016-09-16,NOVA BIOMEDICAL CORPORATION
STAT PROFILE,CCX,36794,00385480367943,GS1,JPI; KHP; CGA; CHL; JGS; CDS; CFA; CEM; JJS; JFP; JPK; CGL; CGZ; GKR; JIX; JKS; GHS,STAT PROFILE CRITICAL CARE XPRESS CONTROL FLUSH FIXTURE,In Commercial Distribution,false,2016-09-16,NOVA BIOMEDICAL CORPORATION
StatStrip,Xpress,43404,10385480434048,GS1,CGA,StatStrip Xpress Glucose Meter and Quick Reference Guide,In Commercial Distribution,false,2016-09-20,NOVA BIOMEDICAL CORPORATION
StatStrip,63685,63685,00385480636858,GS1,PZI,StatStrip Glucose Hospital Meter System,In Commercial Distribution,false,2024-03-28,NOVA BIOMEDICAL CORPORATION
STAT PROFILE,PHOX ULTRA/CCX,48927,00385480489270,GS1,JJY,Stat Profile pHOx Ultra/CCX Chemistry Controls Auto-Cartridge with Creat 4/Day,In Commercial Distribution,false,2016-09-20,NOVA BIOMEDICAL CORPORATION
NOVA,1/4/5/8/10/11/12/13/14,14714,00385480147149,GS1,JGS,NOVA 1/4/5/8/10/11/12/13/14 SODIUM SENSOR,In Commercial Distribution,true,2016-09-20,NOVA BIOMEDICAL CORPORATION
STAT PROFILE,ULTRA,9796,00385480097963,GS1,CHL,STAT PROFILE ULTRA pH SEALING WASHERS,In Commercial Distribution,false,2017-12-19,NOVA BIOMEDICAL CORPORATION
STAT PROFILE,ULTRA/CCX,48555,00385480485555,GS1,CDS,Stat Profile pHOx Ultra/CCX BUN Base Sensor,In Commercial Distribution,true,2016-09-20,NOVA BIOMEDICAL CORPORATION
STAT PROFILE,PHOX ULTRA/CCX,48832,00385480488327,GS1,JIX,Stat Profile pHOx Ultra/CCX Calibrator Cartride 3,In Commercial Distribution,false,2016-09-20,NOVA BIOMEDICAL CORPORATION
NOVA,STATSTRIP XPRESS GLU,41743,00385480417433,GS1,JJX,StatStrip StatStrip Xpress GLU Control Level 3,In Commercial Distribution,false,2016-09-20,NOVA BIOMEDICAL CORPORATION
STAT PROFILE,PHOX PLUS,27807,00385480278072,GS1,CGA; JIX; GKR; JFP; CGZ; CEM; JPI; CHL; GJS,STAT PROFILE pHOx PLUS SENSOR MODULE REPLACEMENT,In Commercial Distribution,false,2016-09-20,NOVA BIOMEDICAL CORPORATION
Stat Profile,Prime Plus,57821,10385480578216,GS1,CHL,"Stat Profile Prime Plus MicroSensor Card™ BUN, Creatinine",In Commercial Distribution,false,2018-11-09,NOVA BIOMEDICAL CORPORATION
STAT PROFILE,PHOX ULTRA/CCX,48921,00385480489218,GS1,JJY,Stat Profile pHOx Ultra/CCX CO-Oximeter Controls Auto-Cartridge 6/Day,In Commercial Distribution,false,2016-09-20,NOVA BIOMEDICAL CORPORATION
NOVA/STAT PROFILE,PHOX/CO-OX,20519,00385480205191,GS1,GLY; JIX; JKS; JPK; CHL; JPI; GKR,STAT PROFILE pHOx/NOVA CO-OXIMETER CUVETTE WINDOW KIT,In Commercial Distribution,false,2016-09-16,NOVA BIOMEDICAL CORPORATION
Nova Max,Plus,43436,10385480434369,GS1,JIN; JJX; CGA; NBW,Nova Max Plus Blood Glucose Monitoring System,In Commercial Distribution,false,2016-09-20,NOVA BIOMEDICAL CORPORATION
STAT PROFILE,PHOX BASIC,35349,10385480353493,GS1,JPK; CHL; JIX,Stat Profile PHOX BASIC Analyzer,In Commercial Distribution,false,2016-09-20,NOVA BIOMEDICAL CORPORATION
STAT PROFILE,CCX,35638,00385480356381,GS1,JJY,"STAT PROFILE CRITICAL CARE XPRESS CONTROL 1,2,3",In Commercial Distribution,true,2016-09-16,NOVA BIOMEDICAL CORPORATION
StatSensor/StatStrip,1.75,53402,10385480534021,GS1,CGA; KHP; CGL,StatStrip StatSensor Docking Station,In Commercial Distribution,false,2016-09-20,NOVA BIOMEDICAL CORPORATION
NOVA,5,15648,00385480156486,GS1,JIX,"NOVA 5 Na+, K+, Cl-, HCt CALIBRATOR",In Commercial Distribution,false,2017-04-24,NOVA BIOMEDICAL CORPORATION
StatSensor/StatStrip,1.75,53401,10385480534014,GS1,KHP; CGL; CGA,StatStrip StatSensor Docking Station,In Commercial Distribution,false,2016-09-20,NOVA BIOMEDICAL CORPORATION
STAT PROFILE,PHOX PLUS C,41889,00385480418898,GS1,JIX,STAT PROFILE pHOx PLUS C CALIBRATOR CARTRIDGE B,In Commercial Distribution,false,2016-09-20,NOVA BIOMEDICAL CORPORATION
STAT PROFILE,PHOX/BASIC,23934,00385480239349,GS1,JIX,STAT PROFILE PHOX/BASIC CALIBRATOR CARTRIDGE D,In Commercial Distribution,false,2016-09-20,NOVA BIOMEDICAL CORPORATION
NOVA,13,15651,00385480156516,GS1,JIX,"NOVA 13 Na+, K+, Cl-, Li+, Hct",In Commercial Distribution,false,2016-09-20,NOVA BIOMEDICAL CORPORATION
NOVA,MAX PLUS KETONE,53493,20385480534936,GS1,JIN,NOVA MAX PLUS KETONE TEST STRIPS,In Commercial Distribution,true,2016-09-20,NOVA BIOMEDICAL CORPORATION
STAT PROFILE,ULTRA/CCX,48554,00385480485548,GS1,KHP,Stat Profile Ultra/CCX Lactate Membrane Kit,In Commercial Distribution,true,2016-09-20,NOVA BIOMEDICAL CORPORATION
STAT PROFILE,PHOX PLUS/L/C/M,32965,00385480329651,GS1,CFA; KHP; JFP; CGA; CHL; JKS; CGZ; GKR; CEM; JGS; JPI,Stat Profile pHOx Plus/L/C/M W/R Tubing Set,In Commercial Distribution,false,2016-09-20,NOVA BIOMEDICAL CORPORATION
STAT PROFILE,CCX,36453,00385480364539,GS1,GHS; JPI; JJS; CEM; JIX; CGA; JGS; JPK; CHL; JKS; CGL; CGZ; CFA; CDS; JFP; GKR; KHP,"TUBING ASSEMBLY C1, C2, C3 STP CCX",In Commercial Distribution,false,2016-09-16,NOVA BIOMEDICAL CORPORATION
NOVA/STAT PROFILE,1,12704,00385480127042,GS1,JFP; JFL; JPK; JIX; CDS; CGA; JPI; JGS; CGZ; JJC; NDW; CEM; CFA; CGL,PREHEATER DEPROTEINIZING SOLUTION,In Commercial Distribution,true,2016-09-16,NOVA BIOMEDICAL CORPORATION
STAT PROFILE,PHOX ULTRA,42018,10385480420188,GS1,GHS; CGL; JIX; JFP; NGD; GJC; GLY; CFA; CGA; JGS; GGZ; CDS; GKK; CHL; JJB; BXX; CGZ; CEM,Remanufactured Stat Profile pHOx Ultra Analyzer,In Commercial Distribution,false,2016-09-20,NOVA BIOMEDICAL CORPORATION
NOVA,Co-Ox,18099,00385480180993,GS1,JJY,"NOVA CO-OXIMETER CONTROL 1,2,3HHb, 02Hb, COHb, Me+, Hb",In Commercial Distribution,true,2016-09-19,NOVA BIOMEDICAL CORPORATION
NOVA,16,17879,00385480178792,GS1,JPK; CDS; CGL; JFL; JJC; JPI; CGA; JIX; CGZ; CEM,NOVA 16 FLOWCELL,In Commercial Distribution,false,2016-09-16,NOVA BIOMEDICAL CORPORATION
STAT PROFILE,1,6553,00385480065535,GS1,CHL,PCO2 INTERNAL FILLING SOLUTION,In Commercial Distribution,false,2016-09-16,NOVA BIOMEDICAL CORPORATION
STAT PROFILE,PHOX PLUS,27612,00385480276122,GS1,JIX,STAT PROFILE pHOx PLUS CALIBRATOR CARTRIDGE C,In Commercial Distribution,false,2016-09-20,NOVA BIOMEDICAL CORPORATION
STAT PROFILE,CCX,37938,00385480379380,GS1,CGA; JKS; CDS; JPI; JJS; KHP; JPK; GHS; CGL; JIX; JFP; CEM; JGS; GKR; CGZ; CFA; CHL,STAT PROFILE CCX HEMOLYZER TUBING HARNESS,In Commercial Distribution,false,2016-09-16,NOVA BIOMEDICAL CORPORATION
NOVA,8,15196,00385480151962,GS1,JIX,"NOVA 8 Na+, K+, Ca+, Mg++, pH, Hct",In Commercial Distribution,false,2016-09-20,NOVA BIOMEDICAL CORPORATION
STAT PROFILE,phox Ultra/CCX,48581,00385480485814,GS1,JFP,Stat Profile Ultra/CCX IonizedCalcium Sensor,In Commercial Distribution,true,2016-09-20,NOVA BIOMEDICAL CORPORATION
NOVA,16,17512,00385480175128,GS1,JFL,NOVA 16 TCO2 SENSOR,In Commercial Distribution,true,2016-09-16,NOVA BIOMEDICAL CORPORATION
Stat Profile,PRIME,52616,00385480526166,GS1,CGZ; JFP; CGA; KHP; CHL; JGS; GKF; JJS; CEM; JIX,Prime Tubing L1 L2 L3,In Commercial Distribution,false,2016-09-20,NOVA BIOMEDICAL CORPORATION
STAT PROFILE,PHOX,34647,00385480346474,GS1,JPI; JKS; JIX; GKR; CHL; JPK,"WASTE TUBE ASSEMBLY, pHOx (REPLACEMENT), INTERNAL",In Commercial Distribution,false,2016-09-20,NOVA BIOMEDICAL CORPORATION
STAT PROFILE,PHOX ULTRA/CCX,48905,00385480489058,GS1,JJY,Stat Profile pHOx Ultra/CCX Chemistry Controls Auto-Cartridge 6/Day,In Commercial Distribution,false,2016-09-20,NOVA BIOMEDICAL CORPORATION
STAT PROFILE,PHOX PLUS L,34085,00385480340854,GS1,JIX,STAT PROFILE pHOx PLUS L CALIBRATOR CARTRIDGE A,In Commercial Distribution,false,2016-09-20,NOVA BIOMEDICAL CORPORATION
Stat Profile,CCX,40721,00385480407212,GS1,CFA; CEM; JGS; KHP; CGA; JFP; JPK; GHS; CGZ; CHL; JJS; GKR; JPI; JIX; JKS; CDS; CGL,STAT PROFILE CRITICAL CARE EXPRESS MAGNETS FOR CAPILLARY TUBES 10 PER VIAL,In Commercial Distribution,true,2016-09-20,NOVA BIOMEDICAL CORPORATION
Stat Profile,Prime Plus,59508,10385480595084,GS1,CHL,Stat Profile Prime Plus® Analyzer (Remanufactured),In Commercial Distribution,false,2018-11-09,NOVA BIOMEDICAL CORPORATION
Nova Primary,Nova Primary Glucose Membrane,63230,00385480632300,GS1,CGA,Nova Primary Glucose Membrane,In Commercial Distribution,false,2023-02-22,NOVA BIOMEDICAL CORPORATION
STAT PROFILE,CCX CO OX,37413,10385480374139,GS1,JJS; JIX; CGA; CIG; CHL; GKR; CDS; CGZ; JPI; CGL; JJY; JPK; CEM; JFP; JKS; KHP; CFA; GHS; JGS; JIT,Stat Profile Critical Care Express CO-Oximeter Analyzer,In Commercial Distribution,false,2016-09-20,NOVA BIOMEDICAL CORPORATION
StatStrip,Lancet,41224,00385480412247,GS1,CGA,Safety Lancets 28-Gauge 100 Pack Boxed,In Commercial Distribution,true,2016-09-20,NOVA BIOMEDICAL CORPORATION
StatSensor,1.0,50668,10385480506684,GS1,CGL,StatSensor Creatinine Meter with Battery and Quick Reference Guide,In Commercial Distribution,false,2016-09-20,NOVA BIOMEDICAL CORPORATION
Lactate Plus,Blood Lactate Measuring Meter,62624,10385480626245,GS1,KHP,Lactate Plus Blood Lactate Measuring Meter Kit,In Commercial Distribution,false,2022-12-08,NOVA BIOMEDICAL CORPORATION
STAT PROFILE,PRIME CCS,53418,00385480534185,GS1,GKF; JGS; JJS; CGZ; JIX; CHL; CEM; KHP; JFP; CGA,Remanufacture PRIME CCS Analyzer,In Commercial Distribution,false,2017-07-06,NOVA BIOMEDICAL CORPORATION
Stat Profile,3,8297,00385480082976,GS1,CHL,STAT PROFILE 3 CAPILLARY TUBE KIT 150 uL WITH HEPARIN,In Commercial Distribution,true,2016-09-20,NOVA BIOMEDICAL CORPORATION
NOVA,12/14,14610,00385480146104,GS1,CDS,NOVA 12/14 BUN SENSOR,In Commercial Distribution,true,2016-09-20,NOVA BIOMEDICAL CORPORATION
Stat Profile,Prime Plus,61615,10385480616154,GS1,CHL,Stat Profile Prime Plus MicroSensor Card™ with COOX,In Commercial Distribution,false,2018-12-21,NOVA BIOMEDICAL CORPORATION
NOVA,1,18098,00385480180986,GS1,GLY,NOVA CO-OXIMETER DEPROTEINIZING SOLUTION,In Commercial Distribution,false,2016-09-16,NOVA BIOMEDICAL CORPORATION
StatSensor/StatStrip,1.75,53400,10385480534007,GS1,CGL; KHP; CGA,StatStrip StatSensor Docking Station,In Commercial Distribution,false,2016-09-20,NOVA BIOMEDICAL CORPORATION
STAT PROFILE,PHOX ULTRA/CCX,48601,00385480486019,GS1,CHL,Stat Profile pHOx Ultra/CCX PCO2 Membrane Cap Kit,In Commercial Distribution,true,2016-09-20,NOVA BIOMEDICAL CORPORATION
STAT PROFILE,Prime ABG,42031,10385480420317,GS1,CHL,Prime Sensor Card ABG,In Commercial Distribution,false,2016-09-20,NOVA BIOMEDICAL CORPORATION
NOVA,1,18655,00385480186551,GS1,JJY,"NOVA CONTROL 1,2 Na+,K+,Cl-,Ca++,TCO2,GLU,BUN,TCa,Mg++,Li+,pH",In Commercial Distribution,true,2016-09-20,NOVA BIOMEDICAL CORPORATION
NOVA,16,28241,10385480282410,GS1,CGL,NOVA 16 CREATININE MEMBRANE KIT,In Commercial Distribution,true,2016-09-20,NOVA BIOMEDICAL CORPORATION
STAT PROFILE,PRIME CCS,55263,10385480552636,GS1,GKF; JFP; CGZ; JJS; CEM; JGS; CHL; KHP; CGA; JIX,Prime Sensor Card CCS (High Volume),In Commercial Distribution,false,2016-09-20,NOVA BIOMEDICAL CORPORATION
STAT PROFILE,PHOX PLUS L,34091,00385480340915,GS1,JJY,"Stat Profile pHOx Plus L Controls Auto-Cartridge, 330",In Commercial Distribution,false,2016-09-20,NOVA BIOMEDICAL CORPORATION
Nova,Nova,3873,00385489038738,GS1,LXG,Sample Cups 25/Bag,In Commercial Distribution,true,2022-12-07,NOVA BIOMEDICAL CORPORATION
STAT PROFILE,CCX CO-OX,38043,00385480380430,GS1,JIT; CIG; JJY,STAT PROFILE CRITICAL CARE XPRESS CO-OXIMETER S-LINE PROBE ASSEMBLY,In Commercial Distribution,false,2016-09-20,NOVA BIOMEDICAL CORPORATION
STAT PROFILE,phox Ultra/CCX,48598,00385480485982,GS1,CHL,Stat Profile Ultra/CCX PO2 Sensor,In Commercial Distribution,true,2016-09-20,NOVA BIOMEDICAL CORPORATION
NOVA,4/12,14715,00385480147156,GS1,JFL,NOVA 4/12 TCO2 SENSOR,In Commercial Distribution,true,2016-09-20,NOVA BIOMEDICAL CORPORATION
StatStrip StatSensor,North American,44267,00385480442671,GS1,CGA,"Cordset North American, Power Supply",In Commercial Distribution,false,2016-09-20,NOVA BIOMEDICAL CORPORATION
Stat Profile,Prime Plus,61614,10385480616147,GS1,CHL,Stat Profile Prime Plus MicroSensor Card™ with COOX (High Volume),In Commercial Distribution,false,2018-12-21,NOVA BIOMEDICAL CORPORATION
Stat Profile,pHOx Ultra/CCX,48954,00385480489546,GS1,CGA; JIX; CHL; GJC; CGZ; JJB; NGD; GHS; BXX; CGL; JFP; GLY; JGS; CEM; CFA; GGZ; CDS; GKK,"TUBING ASSEMBLIES L1,L2,L3 STP PHOX ULTRA/CCX",In Commercial Distribution,false,2016-09-20,NOVA BIOMEDICAL CORPORATION
Nova,1,18,00385480000185,GS1,JGS; CHL,Na/pH CONDITIONING SOLUTION,In Commercial Distribution,false,2016-09-20,NOVA BIOMEDICAL CORPORATION
STATSENSOR,1.0,43370,20385480433703,GS1,CGL,STAT SENSOR CREAT - Test Strips,In Commercial Distribution,true,2016-09-20,NOVA BIOMEDICAL CORPORATION
NOVA,16,17289,00385480172899,GS1,JIX,"NOVA 16 Na+, Cl-, TCo2, Glu, CREAT, BUN,HCt",In Commercial Distribution,false,2016-09-16,NOVA BIOMEDICAL CORPORATION
STAT PROFILE,PHOX PLUS L,34090,00385480340908,GS1,JJY,"Stat Profile pHOx Plus L Controls Auto-Cartridge, 75",In Commercial Distribution,false,2016-09-20,NOVA BIOMEDICAL CORPORATION
STAT PROFILE,PHOX ULTRA/CCX,48591,00385480485913,GS1,JKS,Stat Profile pHOx Ultra/CCX SO2 Sensor,In Commercial Distribution,true,2016-09-20,NOVA BIOMEDICAL CORPORATION
StatSensor/StatStrip,1.0,51994,10385480519943,GS1,KHP; CGA; CGL,Statsensor Statstrip Docking Station,In Commercial Distribution,false,2016-09-20,NOVA BIOMEDICAL CORPORATION
Stat Profile,Prime ES Plus,62341,10385480623411,GS1,CHL,Prime ES Plus W/ Scanner,In Commercial Distribution,false,2020-02-03,NOVA BIOMEDICAL CORPORATION
Stat Profile,pHOx Co-ox,26865,00385480268653,GS1,GLY,STAT PROFILE pHOx CO-OXIMETER FLUSH FIXTURE,In Commercial Distribution,false,2016-09-20,NOVA BIOMEDICAL CORPORATION
StatSensor,1.0,44052,10385480440520,GS1,CGL,StatSensor Creatinine Meter with Battery and Quick Reference Guide,In Commercial Distribution,false,2016-09-20,NOVA BIOMEDICAL CORPORATION
STAT PROFILE,CCX,35942,10385480359426,GS1,CGZ; JPK; CGL; CHL; CDS; GKR; JGS; JFP; CGA; CFA; CEM; JKS; GHS; JIX; JJS; KHP; JPI,Stat Profile Critical Care Express Analyzer,In Commercial Distribution,false,2016-09-20,NOVA BIOMEDICAL CORPORATION
NOVA,8,15265,10385480152652,GS1,CFA,NOVA 8 IONIZED MAGNESIUM SENSOR,In Commercial Distribution,true,2016-09-20,NOVA BIOMEDICAL CORPORATION
Stat Profile,Prime ES Plus,62342,10385480623428,GS1,CHL,Prime ES Plus W/ Tray,In Commercial Distribution,false,2020-02-03,NOVA BIOMEDICAL CORPORATION
StatStrip,1.0,44993,10385480449936,GS1,CGA,StatStrip Glucose Meter With Battery and Quick Reference Guide,In Commercial Distribution,false,2016-09-20,NOVA BIOMEDICAL CORPORATION
NOVA MAX,Link,44585,10385480445853,GS1,CGA; NBW,Nova Max Link with Battery and Quick Reference Guide,In Commercial Distribution,false,2016-09-20,NOVA BIOMEDICAL CORPORATION
NOVA,4/10/11/13,15742,10385480157428,GS1,NDW,NOVA 4/10/11/13 LITHIUM SENSOR,In Commercial Distribution,true,2016-09-20,NOVA BIOMEDICAL CORPORATION
NOVA,12,13192,00385480131926,GS1,CDS; CGA; JFL; CEM; JGS; CGZ,NOVA 12 TUBING HARNESS WITHOUT DILUTOR,In Commercial Distribution,false,2016-09-20,NOVA BIOMEDICAL CORPORATION
STAT PROFILE,CCX CO-OX,36921,00385480369213,GS1,JIT; CIG; JJY,STAT PROFILE CRITICAL CARE XPRESS CO-OX FLUSH FIXTURE,In Commercial Distribution,false,2016-09-20,NOVA BIOMEDICAL CORPORATION
StatStrip,Statstrip/StatStrip Xpress,42173,00385480421737,GS1,JJX,StatStrip StatStrip Xpress GLU Linearity Level 1-5,In Commercial Distribution,false,2016-09-20,NOVA BIOMEDICAL CORPORATION
STAT PROFILE,ULTRA/CCX,48596,00385480485968,GS1,CDS,Stat Profile pHOx Ultra/CCX BUN Membrane Kit,In Commercial Distribution,true,2017-04-21,NOVA BIOMEDICAL CORPORATION
STAT PROFILE,pHOx/BASIC/PLUS/L/C,22507,00385480225076,GS1,CGZ; JKS; JPK; KHP; JFP; CEM; GJS; JIX; CHL; GKR; JPI,STAT PROFILE pHOx/BASIC/PLUS/L/C SENSOR,In Commercial Distribution,true,2016-09-20,NOVA BIOMEDICAL CORPORATION
STAT PROFILE,PLUS/L/C,27811,00385480278119,GS1,CEM,STAT PROFILE pHOx PLUS/L/C POTASSIUM SENSOR,In Commercial Distribution,true,2016-09-16,NOVA BIOMEDICAL CORPORATION
Stat Profile,Prime ES Plus,62226,00385480622264,GS1,CHL,Prime Calibrator Cartridge ES Plus 200 Sample,In Commercial Distribution,false,2020-02-03,NOVA BIOMEDICAL CORPORATION
STAT PROFILE,PRIME ABG,53104,00385480531047,GS1,JIX,Prime Calibrator Cartridge ABG 100 Sample,In Commercial Distribution,false,2016-09-20,NOVA BIOMEDICAL CORPORATION
Stat Profile,pHOx Ultra/CCX,50427,00385480504270,GS1,JKS,Stat Profile pHOx Ultra/CCX SO2 Sensor Blank,In Commercial Distribution,true,2016-09-20,NOVA BIOMEDICAL CORPORATION
NOVA,16,17093,00385480170932,GS1,CGZ; JJC; CGL; JIX; JPI; CDS; JFL; JPK; CEM; CGA,NOVA 16 TUBING HARNESS WITHOUT DILUTOR,In Commercial Distribution,false,2016-09-16,NOVA BIOMEDICAL CORPORATION
STATSTRIP,1.0,47488,10385480474884,GS1,KHP,StatStrip LAC Meter with Battery and Quick Reference Guide,In Commercial Distribution,false,2016-09-20,NOVA BIOMEDICAL CORPORATION
STAT PROFILE,CCX,37164,00385480371643,GS1,JIX,STAT PROFILE CCX CALIBRATOR CARTRIDGE,In Commercial Distribution,false,2016-09-20,NOVA BIOMEDICAL CORPORATION
STAT PROFILE,PHOX ULTRA/CCX,48904,00385480489041,GS1,JJY,Stat Profile pHOx Ultra/CCX Blood Gas Controls Auto-Cartridge 9/Day,In Commercial Distribution,false,2016-09-20,NOVA BIOMEDICAL CORPORATION
StatStrip,1.0,43773,10385480437735,GS1,JJX; CGA,StatStrip GLU Meter and Quick Reference Guide Remanufactured,In Commercial Distribution,false,2016-09-20,NOVA BIOMEDICAL CORPORATION
NOVA,16,17360,00385480173605,GS1,CGL,NOVA 16 CREATININE SENSOR,In Commercial Distribution,true,2016-09-16,NOVA BIOMEDICAL CORPORATION
STAT PROFILE,ULTRA/CCX,48557,10385480485576,GS1,CGZ,Stat Profile pHOx Ultra/CCX Chloride Sensor,In Commercial Distribution,true,2016-09-20,NOVA BIOMEDICAL CORPORATION
Stat Profile,Prime/pHOx Ultra/CCX,48587,00385480485876,GS1,JJB; GLY; CDS; CGL; JFP; GHS; CHL; GKK; CGA; CFA; NGD; CGZ; JGS; BXX; GGZ; GJC; JIX; CEM,Prime/StatProfile pHOx Ultra/CCX Magnets for Capillary Tubes 10 per vial,In Commercial Distribution,true,2016-09-20,NOVA BIOMEDICAL CORPORATION
STAT PROFILE,PHOX/BASIC/PLUS/L/C,24327,00385480243278,GS1,CGA; JPK; JPI; GJS; CGZ; JFP; JGS; CHL; KHP; GKR; JKS; JIX,STAT PROFILE pHOx/BASIC/PLUS/L/C FLUSH FIXTURE,In Commercial Distribution,false,2016-09-20,NOVA BIOMEDICAL CORPORATION
STAT PROFILE,phox basic,23937,00385480239370,GS1,JIX,STAT PROFILE pHOx BASIC CALIBRATOR Cartridge B,In Commercial Distribution,false,2016-09-16,NOVA BIOMEDICAL CORPORATION
Stat Profile,pHOx Ultra/CCX,48589,00385480485890,GS1,CGA; CGZ; NGD; CGL; CFA; JFP; GHS; GLY; BXX; JJB; CHL; JIX; JGS; CEM; CDS; GKK; GJC; GGZ,Stat Profile pHOx Ultra/CCX Capillary Tube 115 uL with Na Heparin 250 per Vial,In Commercial Distribution,true,2016-09-20,NOVA BIOMEDICAL CORPORATION
STAT PROFILE,Prime CCS Comp,42033,10385480420331,GS1,JFP; KHP; JIX; GKF; CGZ; CGA; CHL; JGS; JJS; CEM,Prime Sensor Card CCS Comp,In Commercial Distribution,false,2016-09-20,NOVA BIOMEDICAL CORPORATION
NOVA,16,17457,00385480174572,GS1,JJY,NOVA PERFORMANCE CHECK SOLN GLU/BUN/CREAT,In Commercial Distribution,false,2016-09-20,NOVA BIOMEDICAL CORPORATION
STAT PROFILE,PHOX PLUS/C,30646,00385480306461,GS1,JJY,"STAT PROFILE PHOX PLUS/C CONTROLS AUTO-CARTRIDGE, 330",In Commercial Distribution,false,2016-09-20,NOVA BIOMEDICAL CORPORATION
StatSensor/StatStrip,1.0,43806,10385480438060,GS1,CGL; CGA; KHP,StatSensor Stat Strip Docking Station Non Network Capable,In Commercial Distribution,false,2016-09-20,NOVA BIOMEDICAL CORPORATION
NOVA,4,14082,00385480140829,GS1,NDW; CEM; CGZ; JGS; JFL,NOVA 4 MICROSAMPLE STANDARD,In Commercial Distribution,false,2016-09-20,NOVA BIOMEDICAL CORPORATION
STATSTRIP,1.0,47143,10385480471432,GS1,CGA; JJX,StatStrip Glu Meter and Quick Reference Guide Remanufactured,In Commercial Distribution,false,2016-09-20,NOVA BIOMEDICAL CORPORATION
NOVA,4,13683,00385480136839,GS1,JFL; CEM; JGS; CGZ; NDW,NOVA 4 TUBING HARNESS WITH DILUTOR,In Commercial Distribution,false,2016-09-20,NOVA BIOMEDICAL CORPORATION
NOVA,10,14608,00385480146081,GS1,JIX,"NOVA 10 Na+, K+, Cl-, TCa",In Commercial Distribution,false,2016-09-20,NOVA BIOMEDICAL CORPORATION
STAT PROFILE,phox Ultra/CCX,48600,00385480486002,GS1,CHL,Stat Profile pHOx Ultra/CCX PCO2 Sensor,In Commercial Distribution,true,2016-09-20,NOVA BIOMEDICAL CORPORATION
STAT PROFILE,CCX/PHOX/BASIC/PLUS/L/C,24819,00385480248198,GS1,CGA; JIX; CGZ; CDS; GHS; CGL; JGS; CHL; JPI; GKR; JFP; KHP; JPK; GJS; CFA; CEM; JKS; JJS,Stat Profile CCX Stat Profile pHOx/Basic/Plus/L/C/M Control Flush Fixture,In Commercial Distribution,false,2016-09-20,NOVA BIOMEDICAL CORPORATION
STAT PROFILE,PRIME CCS,53364,00385480533645,GS1,JIX,Prime Calibrator Cartridge CCS 200 Sample,In Commercial Distribution,false,2016-09-20,NOVA BIOMEDICAL CORPORATION
STAT PROFILE,PHOX PLUS L,34087,00385480340878,GS1,JIX,STAT PROFILE pHOx PLUS L CALIBRATOR CARTRIDGE L,In Commercial Distribution,false,2016-09-20,NOVA BIOMEDICAL CORPORATION
STAT PROFILE,CCX,38297,00385480382977,GS1,JJY; CIG; JIT,STAT PROFILE CRITICAL CARE XPRESS ROTARY VALVE LUBRICATION KIT,In Commercial Distribution,false,2016-09-16,NOVA BIOMEDICAL CORPORATION
Stat Profile,CCX,40729,00385480407298,GS1,JPK; KHP; GKR; CGA; JJS; JPI; CDS; CEM; JKS; CGZ; CGL; CFA; JFP; GHS; JGS; JIX; CHL,STAT PROFILE CRITICAL CARE EXPRESS CAPILLARY TUBE 115 uL WITH Na HEPARIN,In Commercial Distribution,true,2016-09-20,NOVA BIOMEDICAL CORPORATION
STAT PROFILE,PHOX PLUS/C,30645,00385480306454,GS1,JJY,"STAT PROFILE PHOX PLUS/C CONTROLS AUTO-CARTRIDGE, 220",In Commercial Distribution,false,2016-09-20,NOVA BIOMEDICAL CORPORATION
NOVA,3,18654,00385480186544,GS1,JJY,"NOVA CONTROL 3 Na+,K+,Cl-,Ca++,GLU,BUN, TCa,Mg++,Li+,pH",In Commercial Distribution,true,2016-09-19,NOVA BIOMEDICAL CORPORATION
STAT PROFILE,PRIME CCS,52861,00385480528610,GS1,JIX,Prime Calibrator Cartridge CCS Comp 100 Sample,In Commercial Distribution,false,2016-09-20,NOVA BIOMEDICAL CORPORATION
Lactate Plus,Lactate Plus,40813,20385480408138,GS1,KHP,Lactate Plus Lactate Test Strips,In Commercial Distribution,true,2022-12-08,NOVA BIOMEDICAL CORPORATION
NOVA,14,14830,00385480148306,GS1,CDS; JGS; CEM; CGA; JPI; CGZ,NOVA 14 W/R PUMP TUBE,In Commercial Distribution,false,2016-09-20,NOVA BIOMEDICAL CORPORATION
StatSensor/StatStrip,1.75,56037,10385480560372,GS1,CGA; CGL; KHP,StatStrip Docking Station Remanufactured  4 position 1.75,In Commercial Distribution,false,2016-09-20,NOVA BIOMEDICAL CORPORATION
NOVA,10,15211,10385480152119,GS1,JFP; JGS; CGZ; NDW; CEM,NOVA 10/10+ Analyzer (non dilutor) (no Acc Pack),In Commercial Distribution,false,2016-09-20,NOVA BIOMEDICAL CORPORATION
Stat Profile,Prime Plus,57841,00385480578417,GS1,CHL,Stat Profile Prime Plus Auto QC Cartridge 105 Sample with Creat / BUN,In Commercial Distribution,false,2018-11-09,NOVA BIOMEDICAL CORPORATION
NOVA,1,13409,00385480134095,GS1,CGA; KHP,NOVA GLU/LAC SENSOR SOAKING SOLUTION,In Commercial Distribution,false,2016-09-16,NOVA BIOMEDICAL CORPORATION
NOVA,16,17359,00385480173599,GS1,CGA,NOVA 16 GLUCOSE SENSOR,In Commercial Distribution,true,2016-09-16,NOVA BIOMEDICAL CORPORATION
STAT PROFILE,pHOx/BASIC/PLUS/L/C,21512,00385480215121,GS1,JKS,"STAT PROFILE pHOx/BASIC/PLUS/L/C, CCX SO2 SENSOR",In Commercial Distribution,true,2016-09-20,NOVA BIOMEDICAL CORPORATION
Stat Profile,Prime Plus,58643,10385480586433,GS1,CHL,Stat Profile Prime Plus MicroSensor Card™ (High Volume),In Commercial Distribution,false,2018-11-09,NOVA BIOMEDICAL CORPORATION
NOVA,1/5/11/13,13195,00385480131957,GS1,JFP; CGZ; CHL; CFA; JPI; NDW; JGS; CEM,NOVA 1/5/11/13 WITH DILUTOR/ NOVA 8 WITH OUT DILUTOR: W/R PUMP TUBING,In Commercial Distribution,false,2016-09-16,NOVA BIOMEDICAL CORPORATION
STAT PROFILE,PHOX PLUS,32204,10385480322048,GS1,JFP; JIX; CGA; CHL; GKR; CEM; CGZ; JPI; GJS,Remanufactured Stat Profile pHOx Plus Analyzer,In Commercial Distribution,false,2016-09-20,NOVA BIOMEDICAL CORPORATION
STAT PROFILE,PHOX/BASIC/PLUS/L/C,21795,10385480217955,GS1,CHL,STAT PROFILE pHOx /BASIC/PLUS/L/C PO2 MEMBRANE CAP KIT,In Commercial Distribution,true,2016-09-20,NOVA BIOMEDICAL CORPORATION
STAT PROFILE,PHOX/BASIC,23931,00385480239318,GS1,JJY,"STAT PROFILE PHOX/BASIC CONTROLS AUTO-CARTRIDGE,110",In Commercial Distribution,false,2016-09-20,NOVA BIOMEDICAL CORPORATION
STAT PROFILE,PLUS/PLUS C,28969,00385480289696,GS1,CGA,STAT PROFILE pHOx PLUS/PLUS C GLUCOSE MEMBRANE,In Commercial Distribution,true,2016-09-16,NOVA BIOMEDICAL CORPORATION
StatSensor/StatStrip,1.0,54422,10385480544228,GS1,KHP; CGL; CGA,StatStrip StatSensor Remanufactured Wireless Carrying Case for Meter and Supplies v1.0,In Commercial Distribution,false,2016-09-20,NOVA BIOMEDICAL CORPORATION
NOVA,8,15263,00385480152631,GS1,CHL,NOVA 8 pH SENSOR,In Commercial Distribution,true,2016-09-20,NOVA BIOMEDICAL CORPORATION
NOVA,1-16,13986,00385480139861,GS1,JJY,NOVA MICROSAMPLE DILUENT,In Commercial Distribution,false,2016-09-20,NOVA BIOMEDICAL CORPORATION
NOVA,10,15212,10385480152126,GS1,NDW; JGS; JFP; CGZ; CEM,NOVA 10/10+ Analyzer w Printer  (w Acc Pack),In Commercial Distribution,false,2016-09-20,NOVA BIOMEDICAL CORPORATION
Stat Profile,Prime ES Comp Plus,62352,10385480623527,GS1,CHL,Prime ES Comp Plus W/ Tray,In Commercial Distribution,false,2020-02-03,NOVA BIOMEDICAL CORPORATION
NOVA,4,15647,00385480156479,GS1,JIX,"NOVA 4 Na+, K+, Cl-, TCo2, KL+ CALIBRATORS",In Commercial Distribution,false,2016-09-20,NOVA BIOMEDICAL CORPORATION
STAT PROFILE,pHOx,23397,00385480233972,GS1,JGS,STAT PROFILE pHOx CONDITIONING SOLUTION,In Commercial Distribution,false,2016-09-16,NOVA BIOMEDICAL CORPORATION
STAT PROFILE,PHOX PLUS,27611,00385480276115,GS1,JIX,STAT PROFILE pHOx PLUS CALIBRATOR CARTRIDGE B,In Commercial Distribution,false,2016-09-20,NOVA BIOMEDICAL CORPORATION
Stat Profile,Prime Plus,57827,00385480578271,GS1,CHL,Stat Profile Prime Plus Calibrator Cartridge 300 Sample,In Commercial Distribution,false,2018-11-09,NOVA BIOMEDICAL CORPORATION
STAT PROFILE,PHOX ULTRA/CCX,49670,00385480496704,GS1,CFA,Stat Profile pHOx Ultra/CCX Mg++ Sensor blank,In Commercial Distribution,true,2016-09-20,NOVA BIOMEDICAL CORPORATION
STATSENSOR,1.0,43923,00385480439237,GS1,JJX,StatSensor Creat Control Level 3,In Commercial Distribution,false,2016-09-20,NOVA BIOMEDICAL CORPORATION
STATSENSOR,1.0,43921,00385480439213,GS1,JJX,StatSensor Creat Control Level 1,In Commercial Distribution,false,2016-09-16,NOVA BIOMEDICAL CORPORATION
NOVA,10,53964,10385480539644,GS1,CEM; NDW; JGS; CGZ; JFP,Nova 10/10+ Analyzer w/ Printer /Dilutor,In Commercial Distribution,false,2016-09-20,NOVA BIOMEDICAL CORPORATION
Stat Profile,Prime ES Plus,62634,10385480626344,GS1,CHL,Remanufactured Prime ES Plus w/ Scanner,In Commercial Distribution,false,2020-02-03,NOVA BIOMEDICAL CORPORATION
STAT PROFILE,PRIME CCS,53455,00385480534550,GS1,JJY,Prime Auto QC Cartridge CCS 100 Sample,In Commercial Distribution,false,2016-09-20,NOVA BIOMEDICAL CORPORATION
STAT PROFILE,pHOx/BASIC/PLUS/L/C,21926,00385480219266,GS1,JJY,"STAT PROFILE pHOx BASIC/PLUS/L/C WASTE LINE ASSEMBLY, EXTERNAL",In Commercial Distribution,false,2016-09-16,NOVA BIOMEDICAL CORPORATION
Stat Profile,PRIME,56726,00385480567268,GS1,KHP; JIX; GKF; CEM; JJS; CGZ; CHL; JGS; JFP; CGA,Prime Capillary Tube 150 uL with Balanced Heparin 250 per vial,In Commercial Distribution,false,2016-09-20,NOVA BIOMEDICAL CORPORATION
Stat Profile,Prime Plus,57458,00385480574587,GS1,JGS; CGA; CHL; GGZ,Calibrator Flush Fixture,In Commercial Distribution,false,2022-12-08,NOVA BIOMEDICAL CORPORATION
Stat Profile,Prime ES Plus,62632,10385480626320,GS1,CHL,Remanufactured Prime ES Plus,In Commercial Distribution,false,2020-02-03,NOVA BIOMEDICAL CORPORATION
Stat Profile,pHOx Ultra/CCX,48588,00385480485883,GS1,GGZ; CGA; JIX; GJC; CFA; CHL; CDS; JGS; JFP; CGZ; GLY; GHS; CGL; GKK; CEM; BXX; JJB; NGD,Stat Profile pHOx Ultra/CCX Capillary Tube 150 uL with Na Heparin 250 per vial,In Commercial Distribution,true,2016-09-20,NOVA BIOMEDICAL CORPORATION
Stat Profile,Prime ES Plus,62636,10385480626368,GS1,CHL,Remanufactured Prime ES Plus w/ Tray,In Commercial Distribution,false,2020-02-03,NOVA BIOMEDICAL CORPORATION
Lactate Plus,Lactate Plus,40815,00385480408158,GS1,KHP,Lactate Plus LAC Control 1,In Commercial Distribution,false,2022-12-08,NOVA BIOMEDICAL CORPORATION
STATSTRIP,Ejector,46799,10385480467992,GS1,JJX; CGA,StatStrip Xpress GLU Meter with Battery and Quick Reference Guide,In Commercial Distribution,false,2016-09-20,NOVA BIOMEDICAL CORPORATION
NOVA,11,15649,00385480156493,GS1,JIX,"NOVA 11 Na+, K+, Li+, Hct",In Commercial Distribution,false,2016-09-20,NOVA BIOMEDICAL CORPORATION
Nova Primary,Nova Primary Calibrator Cartridge 450 Sample,63162,00385480631624,GS1,CGA,Nova Primary Calibrator Cartridge 450 Sample,In Commercial Distribution,false,2023-02-08,NOVA BIOMEDICAL CORPORATION
STAT PROFILE,pHOx/BASIC/PLUS/L/C,21497,00385480214971,GS1,CHL; CEM; JKS; JPK; JIX; JPI; KHP; GKR; GJS; JFP; CGZ,STAT PROFILE pHOx/BASIC/PLUS/L/C REFERENCE LINE ASSEMBLY,In Commercial Distribution,false,2016-09-20,NOVA BIOMEDICAL CORPORATION
NOVA,MAX,43523,20385480435233,GS1,NBW,NOVA MAX DME  GLUCOSE TEST STRIPS,In Commercial Distribution,true,2016-09-20,NOVA BIOMEDICAL CORPORATION
STAT PROFILE,PHOX/BASIC,23935,00385480239356,GS1,JIX,STAT PROFILE pHOx/BASIC CALIBRATOR CARTRIDGE A,In Commercial Distribution,false,2016-09-20,NOVA BIOMEDICAL CORPORATION
STAT PROFILE,ULTRA,9798,00385480097987,GS1,CHL; JKS,"STAT PROFILE PO2, SO2 SEALING WASHERS",In Commercial Distribution,false,2017-12-19,NOVA BIOMEDICAL CORPORATION
Stat Profile,Prime ABG/CCS,52714,00385480527149,GS1,JJY,Stat Profile Prime Ampuled Control ABG/CCS,In Commercial Distribution,true,2016-09-20,NOVA BIOMEDICAL CORPORATION
StatStrip,1.0,42224,10385480422243,GS1,CGA,StatStrip Glucose Meter With Battery and Quick Reference Guide,In Commercial Distribution,false,2016-09-20,NOVA BIOMEDICAL CORPORATION
STAT PROFILE,PRIME CCS,52862,00385480528627,GS1,JIX,Prime Calibrator Cartridge CCS 100 Sample,In Commercial Distribution,false,2016-09-20,NOVA BIOMEDICAL CORPORATION
NOVA,1/4/5/8/10/11/13,12882,00385480128827,GS1,CFA; NDW; JGS; CHL; JFP; JPI; JFL; CGZ; CEM,Nova 1/4/5/8/10/11/13 Dilutor Pack,In Commercial Distribution,false,2016-09-20,NOVA BIOMEDICAL CORPORATION
STAT PROFILE,PHOX,21490,10385480214909,GS1,JIX; JKS; JPI; GKR; CHL; JPK,Stat Profile pHOx Analyzer,In Commercial Distribution,false,2016-09-20,NOVA BIOMEDICAL CORPORATION
NOVA,10,53963,10385480539637,GS1,JFP; CGZ; JGS; CEM; NDW,Nova 10/10+ Analyzer w/ Printer / Primary Tube Auto Sampler,In Commercial Distribution,false,2016-09-20,NOVA BIOMEDICAL CORPORATION
Stat Profile,pHOx Ultra/CCX,49205,00385480492058,GS1,JGS; JJB; GGZ; CGZ; CHL; GLY; JFP; NGD; GKK; CFA; CEM; GJC; CDS; JIX; BXX; CGA; GHS; CGL,Stat Profile pHOx Ultra/CCX Sensor Multi blank,In Commercial Distribution,true,2016-09-16,NOVA BIOMEDICAL CORPORATION
Nova,14,14575,00385480145756,GS1,CGA; CDS; CGZ; JGS; CEM; JPI,NOVA 14 TUBING HARNESS WITH DILUTOR,In Commercial Distribution,false,2016-09-20,NOVA BIOMEDICAL CORPORATION
STAT PROFILE,PHOX PLUS L,34088,00385480340885,GS1,JIX,STAT PROFILE PHOX PLUS L CALIBRATOR CARTRIDGE D,In Commercial Distribution,false,2016-09-20,NOVA BIOMEDICAL CORPORATION
Stat Profile,PRIME,56725,00385480567251,GS1,JJS; CEM; KHP; JFP; JIX; GKF; CGZ; JGS; CHL; CGA,Prime Capillary Tube 230 uL with Balanced Heparin 250 per vial,In Commercial Distribution,false,2016-09-20,NOVA BIOMEDICAL CORPORATION
STAT PROFILE,PHOX ULTRA/CCX,48583,00385480485838,GS1,JIX; GHS; GKK; GLY; JFP; CHL; NGD; CEM; CGL; GJC; GGZ; JJB; BXX; CFA; JGS; CDS; CGA; CGZ,SENSOR REF PHOX ULTRA/CCX REFERENCE Sensor,In Commercial Distribution,true,2016-09-20,NOVA BIOMEDICAL CORPORATION
STAT PROFILE,PRIME CCS,55264,10385480552643,GS1,CGZ; CGA; JFP; CHL; KHP; JGS; GKF; JJS; CEM; JIX,Prime Sensor Card CCS Comp (High Volume),In Commercial Distribution,false,2016-09-20,NOVA BIOMEDICAL CORPORATION
NOVA,16,17515,00385480175159,GS1,JPI,NOVA 16 HEMATOCRIT SENSOR,In Commercial Distribution,true,2016-09-16,NOVA BIOMEDICAL CORPORATION
STAT PROFILE,PHOX,23962,10385480239629,GS1,JIX; GKR; JKS; JPK; CHL; JPI,Remanufactured Stat Profile pHOx Analyzer,In Commercial Distribution,false,2016-09-20,NOVA BIOMEDICAL CORPORATION
